﻿<?xml version="1.0" encoding="utf-8"?>
<deployment>
  <id>0365f7cd-a667-4836-9417-391271d5b8cd</id>
  <author>N/A</author>
  <deployer>OneDeploy</deployer>
  <authorEmail>N/A</authorEmail>
  <message>OneDeploy</message>
  <progress></progress>
  <status>Success</status>
  <statusText></statusText>
  <lastSuccessEndTime>2025-09-30T19:28:48.9936949Z</lastSuccessEndTime>
  <receivedTime>2025-09-30T19:28:10.0145209Z</receivedTime>
  <startTime>2025-09-30T19:28:11.4892304Z</startTime>
  <endTime>2025-09-30T19:28:48.9936949Z</endTime>
  <complete>True</complete>
  <is_temp>False</is_temp>
  <is_readonly>True</is_readonly>
  <buildSummary />
</deployment>