﻿<?xml version="1.0" encoding="utf-8"?>
<deployment>
  <id>9554e49b-b189-4c97-87bb-718439cbe78c</id>
  <author>N/A</author>
  <deployer>Push-Deployer</deployer>
  <authorEmail>N/A</authorEmail>
  <message>Created via a push deployment</message>
  <progress></progress>
  <status>Success</status>
  <statusText></statusText>
  <lastSuccessEndTime>2025-09-29T20:31:33.5002475Z</lastSuccessEndTime>
  <receivedTime>2025-09-29T20:30:17.2456182Z</receivedTime>
  <startTime>2025-09-29T20:30:18.6821536Z</startTime>
  <endTime>2025-09-29T20:31:33.5002475Z</endTime>
  <complete>True</complete>
  <is_temp>False</is_temp>
  <is_readonly>True</is_readonly>
  <buildSummary />
</deployment>