<step title="Incoming Request" date="2025-07-04T15:08:26.232" instance="d52a4a" url="/api/zipdeploy?isAsync=true" method="POST" type="request" pid="772,1,47" Accept="*/*" Host="soundscribe-backend.scm.azurewebsites.net" User-Agent="AZURECLI/2.66.0" Accept-Encoding="gzip, deflate" Authorization="Bas..." Cache-Control="no-cache" Content-Type="application/octet-stream" Content-Length="20750" x-ms-client-request-id="b727027e-58e8-11f0-b13a-8c1759c91239" x-ms-artifact-checksum="821d6c4791a1bd6d5d0fdb6e98e5867ba4003e47236828c6141211de8bc716ec" X-ARR-LOG-ID="b727027e-58e8-11f0-b13a-8c1759c91239" CLIENT-IP="124.122.129.209:57811" X-SITE-DEPLOYMENT-ID="soundscribe-backend" WAS-DEFAULT-HOSTNAME="soundscribe-backend.scm.azurewebsites.net" X-Forwarded-Proto="https" X-AppService-Proto="https" X-Forwarded-TlsVersion="1.3" X-WAWS-Unencoded-URL="/api/zipdeploy?isAsync=true" X-Client-IP="124.122.129.209" X-Client-Port="57811" >
  <step title="Cleanup Xml Logs" date="2025-07-04T15:08:26.254" >
    <step title="Cleanup Infos" date="2025-07-04T15:08:26.344" totalFiles="274" totalCleanup="114" /><!-- duration: 28ms -->
  </step><!-- duration: 128ms -->
  <step title="ZipPushDeploy" date="2025-07-04T15:08:26.437" >
    <step title="ZipDeploy. Extract zip. Remote build." date="2025-07-04T15:08:26.448" /><!-- duration: 8ms -->
    <step title="Starting PushDeployAsync" date="2025-07-04T15:08:26.461" /><!-- duration: 3ms -->
    <step title="Removing node_modules symlink" date="2025-07-04T15:08:26.479" >
      <step title="Writing artifact to /tmp/zipdeploy/5b03fc94-b6e8-4b9f-bb27-027f6afdd258.zip" date="2025-07-04T15:08:26.642" >
        <step title="Writing multipart request body to /tmp/zipdeploy/5b03fc94-b6e8-4b9f-bb27-027f6afdd258.zip" date="2025-07-04T15:08:26.650" /><!-- duration: 9ms -->
      </step><!-- duration: 74ms -->
      <step title="Removing previous build artifact&apos;s manifest file" date="2025-07-04T15:08:26.724" >
        <step title="Start deployment in the background" date="2025-07-04T15:08:26.746" >
          <step title="Acquiring Deployment Lock" date="2025-07-04T15:08:26.806" /><!-- duration: 2ms -->
          <step title="Acquired Deployment Lock" date="2025-07-04T15:08:26.845" /><!-- duration: 2ms -->
        </step><!-- duration: 269ms -->
      </step><!-- duration: 320ms -->
      <step title="Outgoing response" date="2025-07-04T15:08:27.065" type="response" statusCode="202" statusText="Accepted" /><!-- duration: 7ms -->
    </step><!-- duration: 595ms -->
