<step title="Incoming Request" date="2025-07-03T20:50:46.994" instance="d52a4a" url="/api/publish?type=zip" method="POST" type="request" pid="772,1,7" Accept="*/*" Host="soundscribe-backend.scm.azurewebsites.net" User-Agent="AZURECLI/2.66.0" Accept-Encoding="gzip, deflate" Authorization="Bas..." Cache-Control="no-cache" Content-Type="application/octet-stream" Content-Length="45095" x-ms-client-request-id="5ebe6cbb-584f-11f0-a55b-8c1759c91239" x-ms-artifact-checksum="67592574b3e07d5d73900c394a769e8a778ac99b62ba3646cd3e767cbc677b2a" X-ARR-LOG-ID="5ebe6cbb-584f-11f0-a55b-8c1759c91239" CLIENT-IP="124.122.129.209:54209" X-SITE-DEPLOYMENT-ID="soundscribe-backend" WAS-DEFAULT-HOSTNAME="soundscribe-backend.scm.azurewebsites.net" X-Forwarded-Proto="https" X-AppService-Proto="https" X-Forwarded-TlsVersion="1.3" X-WAWS-Unencoded-URL="/api/publish?type=zip" X-Client-IP="124.122.129.209" X-Client-Port="54209" >
  <step title="OneDeploy" date="2025-07-03T20:50:52.473" >
    <step title="None repository commit" date="2025-07-03T20:50:52.511" >
      <step title="Commit id: a15eca28-334c-4e89-9612-18eaf0f47dd2" date="2025-07-03T20:50:52.520" Message="N/A" AuthorName="N/A" AuthorEmail="N/A" /><!-- duration: 3ms -->
    </step><!-- duration: 27ms -->
    <step title="Starting PushDeployAsync" date="2025-07-03T20:50:52.541" /><!-- duration: 8ms -->
    <step title="Removing node_modules symlink" date="2025-07-03T20:50:52.619" >
      <step title="Removing _del_node_modules symlink" date="2025-07-03T20:50:53.304" >
        <step title="Writing artifact to /tmp/zipdeploy/ac060515-213f-45fe-9d59-b9a7340c2a81.zip" date="2025-07-03T20:50:53.534" >
          <step title="Writing multipart request body to /tmp/zipdeploy/ac060515-213f-45fe-9d59-b9a7340c2a81.zip" date="2025-07-03T20:50:53.563" /><!-- duration: 24ms -->
        </step><!-- duration: 812ms -->
        <step title="Removing previous build artifact&apos;s manifest file" date="2025-07-03T20:50:54.376" >
          <step title="Attempting to fetch target branch HEAD" date="2025-07-03T20:50:54.463" /><!-- duration: 10ms -->
          <step title="Acquiring Deployment Lock" date="2025-07-03T20:50:54.491" /><!-- duration: 11ms -->
          <step title="Acquired Deployment Lock" date="2025-07-03T20:50:54.689" /><!-- duration: 48ms -->
          <step title="Performing fetch based deployment" date="2025-07-03T20:50:54.772" >
            <step title="Creating temporary deployment" date="2025-07-03T20:50:54.782" /><!-- duration: 311ms -->
            <step title="Releasing Deployment Lock" date="2025-07-03T20:50:56.646" /><!-- duration: 12ms -->
            <step title="Cleaning up temp folders from previous zip deployments and extracting pushed zip file /tmp/zipdeploy/ac060515-213f-45fe-9d59-b9a7340c2a81.zip (0.04 MB) to /tmp/zipdeploy/extracted" date="2025-07-03T20:50:56.724" >
              <step title="ChmodRecursive Process exited with total time taken in ms: 816" date="2025-07-03T20:50:57.890" /><!-- duration: 12ms -->
            </step><!-- duration: 1198ms -->
            <step title="None repository commit" date="2025-07-03T20:50:57.928" >
              <step title="Commit id: a15eca28-334c-4e89-9612-18eaf0f47dd2" date="2025-07-03T20:50:57.931" Message="OneDeploy" AuthorName="N/A" AuthorEmail="N/A" /><!-- duration: 3ms -->
            </step><!-- duration: 8ms -->
            <step title="Deployment timer started" date="2025-07-03T20:50:59.951" >
              <step title="DeploymentManager.Deploy(id:a15eca28-334c-4e89-9612-18eaf0f47dd2)" date="2025-07-03T20:50:59.970" >
                <step title="Collecting changeset information" date="2025-07-03T20:51:00.022" /><!-- duration: 125ms -->
                <step title="Updating submodules" date="2025-07-03T20:51:00.157" /><!-- duration: 1205ms -->
                <step title="Determining deployment builder" date="2025-07-03T20:51:01.731" >
                  <step title="Builder is OryxBuilder" date="2025-07-03T20:51:01.808" /><!-- duration: 9ms -->
                </step><!-- duration: 95ms -->
                <step title="PreDeployment: context.CleanOutputPath False" date="2025-07-03T20:51:02.043" >
                  <step title="PreDeployment: context.OutputPath /home/site/wwwroot" date="2025-07-03T20:51:02.170" >
                    <step title="Building" date="2025-07-03T20:51:02.326" >
                      <step title="Executing external process" date="2025-07-03T20:51:02.957" type="process" path="bash" arguments="-c &quot;oryx build /tmp/zipdeploy/extracted -o /home/site/wwwroot --platform nodejs --platform-version 18 -p virtualenv_name= --log-file /tmp/build-debug.log  -i /tmp/8ddba735226c87d -p compress_node_modules=tar-gz | tee /tmp/oryx-build.log ; exit $PIPESTATUS &quot;" /><!-- duration: 67311ms -->
                      <step title="Using GenericDeploymentLogParser" date="2025-07-03T20:52:11.768" /><!-- duration: 19ms -->
                      <step title="Modified file to trigger a restart of the app container." date="2025-07-03T20:52:13.320" /><!-- duration: 4ms -->
                      <step title="Skip function trigger and logicapp sync because function is not enabled." date="2025-07-03T20:52:13.340" /><!-- duration: 4ms -->
                      <step title="Purge deployment items" date="2025-07-03T20:52:14.850" >
                        <step title="Remove 03a9f037-, Success, received at 06/25/2025 20:08:30" date="2025-07-03T20:52:15.205" /><!-- duration: 4ms -->
                      </step><!-- duration: 362ms -->
                    </step><!-- duration: 72968ms -->
                  </step><!-- duration: 73333ms -->
                  <step title="Cleaning up temp files" date="2025-07-03T20:52:15.507" /><!-- duration: 223ms -->
                  <step title="Cleaning up temp files" date="2025-07-03T20:52:15.739" /><!-- duration: 524ms -->
                  <step title="Reloading status file with latest updates" date="2025-07-03T20:52:16.308" >
                    <step title="WebHooksManager.PublishEventAsync: PostDeployment" date="2025-07-03T20:52:16.325" /><!-- duration: 229ms -->
                  </step><!-- duration: 251ms -->
                  <step title="Cleaning up temporary deployment - fetch deployment was successful" date="2025-07-03T20:52:16.575" /><!-- duration: 3ms -->
                </step><!-- duration: 74604ms -->
              </step><!-- duration: 76749ms -->
              <step title="Outgoing response" date="2025-07-03T20:52:16.829" type="response" statusCode="200" statusText="OK" /><!-- duration: 8ms -->
            </step><!-- duration: 76890ms -->
