<step title="Incoming Request" date="2025-07-04T15:04:10.768" instance="d52a4a" url="/api/deployments/latest" method="GET" type="request" pid="772,1,52" Accept="*/*" Host="soundscribe-backend.scm.azurewebsites.net" User-Agent="AZURECLI/2.66.0" Accept-Encoding="gzip, deflate" Authorization="Bas..." x-ms-client-request-id="173fb661-58e8-11f0-af2a-8c1759c91239" X-ARR-LOG-ID="173fb661-58e8-11f0-af2a-8c1759c91239" CLIENT-IP="124.122.129.209:64031" X-SITE-DEPLOYMENT-ID="soundscribe-backend" WAS-DEFAULT-HOSTNAME="soundscribe-backend.scm.azurewebsites.net" X-Forwarded-Proto="https" X-AppService-Proto="https" X-Forwarded-TlsVersion="1.3" X-WAWS-Unencoded-URL="/api/deployments/latest" X-Client-IP="124.122.129.209" X-Client-Port="64031" >
  <step title="Cleanup Xml Logs" date="2025-07-04T15:04:10.845" >
    <step title="Cleanup Infos" date="2025-07-04T15:04:11.040" totalFiles="270" totalCleanup="110" /><!-- duration: 20ms -->
  </step><!-- duration: 234ms -->
  <step title="DeploymentService.GetResult" date="2025-07-04T15:04:11.480" >
    <step title="DeploymentService.GetLatestDeployment" date="2025-07-04T15:04:11.497" >
      <step title="DeploymentManager.GetResults" date="2025-07-04T15:04:11.526" /><!-- duration: 1425ms -->
    </step><!-- duration: 1487ms -->
  </step><!-- duration: 1514ms -->
  <step title="Outgoing response" date="2025-07-04T15:04:13.013" type="response" statusCode="202" statusText="Accepted" /><!-- duration: 10ms -->
</step><!-- duration: 2263ms -->
