<step title="Incoming Request" date="2025-06-25T22:16:56.635" instance="8552f3" url="/api/zipdeploy?isAsync=true" method="POST" type="request" pid="769,1,29" Accept="*/*" Host="soundscribe-backend.scm.azurewebsites.net" User-Agent="AZURECLI/2.66.0 (MSI)" Accept-Encoding="gzip, deflate" Authorization="Bas..." Cache-Control="no-cache" Content-Type="application/octet-stream" Content-Length="27139" x-ms-client-request-id="148cfb70-5212-11f0-bc7f-8c1759c91239" x-ms-artifact-checksum="38394bdff4c65fc1725ef915a783c21dd62d421c4479df9cc87213600c67bf05" X-ARR-LOG-ID="148cfb70-5212-11f0-bc7f-8c1759c91239" CLIENT-IP="58.8.155.119:59468" X-SITE-DEPLOYMENT-ID="soundscribe-backend" WAS-DEFAULT-HOSTNAME="soundscribe-backend.scm.azurewebsites.net" X-Forwarded-Proto="https" X-AppService-Proto="https" X-Forwarded-TlsVersion="1.3" X-WAWS-Unencoded-URL="/api/zipdeploy?isAsync=true" X-Client-IP="58.8.155.119" X-Client-Port="59468" >
  <step title="Cleanup Xml Logs" date="2025-06-25T22:16:56.638" /><!-- duration: 7ms -->
  <step title="ZipPushDeploy" date="2025-06-25T22:16:56.693" >
    <step title="ZipDeploy. Extract zip." date="2025-06-25T22:16:56.699" /><!-- duration: 1ms -->
    <step title="Starting PushDeployAsync" date="2025-06-25T22:16:56.705" /><!-- duration: 2ms -->
    <step title="Writing artifact to /tmp/zipdeploy/5da9fd17-0197-44e7-b3e8-c8e8e8791bf8.zip" date="2025-06-25T22:16:56.736" >
      <step title="Writing multipart request body to /tmp/zipdeploy/5da9fd17-0197-44e7-b3e8-c8e8e8791bf8.zip" date="2025-06-25T22:16:56.743" /><!-- duration: 2ms -->
    </step><!-- duration: 74ms -->
    <step title="Start deployment in the background" date="2025-06-25T22:16:56.817" >
      <step title="Acquiring Deployment Lock" date="2025-06-25T22:16:56.860" /><!-- duration: 2ms -->
      <step title="Acquired Deployment Lock" date="2025-06-25T22:16:56.892" /><!-- duration: 2ms -->
    </step><!-- duration: 145ms -->
  </step><!-- duration: 281ms -->
  <step title="Outgoing response" date="2025-06-25T22:16:56.978" type="response" statusCode="202" statusText="Accepted" /><!-- duration: 2ms -->
</step><!-- duration: 348ms -->
