<step title="BackgroundTrace" date="2025-07-04T15:04:00.938" instance="d52a4a" url="/api/zipdeploy" method="POST" >
  <step title="Creating temporary deployment - FetchDeploymentManager" date="2025-07-04T15:04:01.166" /><!-- duration: 8ms -->
  <step title="Creating temporary deployment" date="2025-07-04T15:04:01.195" /><!-- duration: 96ms -->
  <step title="Performing fetch based deployment" date="2025-07-04T15:04:01.363" >
    <step title="Cleaning up temp folders from previous zip deployments and extracting pushed zip file /tmp/zipdeploy/8f76692d-7ba5-4df2-a8d1-bde702c6ba5c.zip (0.09 MB) to /tmp/zipdeploy/extracted" date="2025-07-04T15:04:02.688" >
      <step title="ChmodRecursive Process exited with total time taken in ms: 156" date="2025-07-04T15:04:03.100" /><!-- duration: 9ms -->
    </step><!-- duration: 437ms -->
    <step title="Deployment timer started" date="2025-07-04T15:04:05.150" >
      <step title="DeploymentManager.Deploy(id:d8495d04-04b2-4428-84f8-b8e25920d84d)" date="2025-07-04T15:04:05.166" >
        <step title="Collecting changeset information" date="2025-07-04T15:04:05.221" /><!-- duration: 105ms -->
        <step title="Updating submodules" date="2025-07-04T15:04:05.335" /><!-- duration: 1119ms -->
        <step title="Determining deployment builder" date="2025-07-04T15:04:06.731" >
          <step title="Builder is OryxBuilder" date="2025-07-04T15:04:06.758" /><!-- duration: 3ms -->
        </step><!-- duration: 42ms -->
        <step title="PreDeployment: context.CleanOutputPath False" date="2025-07-04T15:04:06.835" >
          <step title="PreDeployment: context.OutputPath /home/site/wwwroot" date="2025-07-04T15:04:06.973" >
            <step title="Building" date="2025-07-04T15:04:07.111" >
              <step title="Executing external process" date="2025-07-04T15:04:07.454" type="process" path="bash" arguments="-c &quot;oryx build /tmp/zipdeploy/extracted -o /home/site/wwwroot --platform nodejs --platform-version 18 -p virtualenv_name= --log-file /tmp/build-debug.log  -i /tmp/8ddbb0c05cd8ea8 -p compress_node_modules=tar-gz | tee /tmp/oryx-build.log ; exit $PIPESTATUS &quot;" /><!-- duration: 35675ms -->
              <step title="Using GenericDeploymentLogParser" date="2025-07-04T15:04:43.529" /><!-- duration: 3ms -->
              <step title="Triggering recycle (preview mode disabled)." date="2025-07-04T15:04:44.770" /><!-- duration: 6ms -->
              <step title="Modified file to trigger a restart of the app container." date="2025-07-04T15:04:44.807" /><!-- duration: 10ms -->
              <step title="Skip function trigger and logicapp sync because function is not enabled." date="2025-07-04T15:04:44.831" /><!-- duration: 8ms -->
              <step title="Purge deployment items" date="2025-07-04T15:04:46.128" >
                <step title="Remove a22df404-, Success, received at 06/25/2025 22:17:02" date="2025-07-04T15:04:46.233" /><!-- duration: 8ms -->
              </step><!-- duration: 133ms -->
            </step><!-- duration: 39274ms -->
          </step><!-- duration: 39530ms -->
          <step title="Cleaning up temp files" date="2025-07-04T15:04:46.539" /><!-- duration: 289ms -->
          <step title="Cleaning up temp files" date="2025-07-04T15:04:46.834" /><!-- duration: 524ms -->
          <step title="Reloading status file with latest updates" date="2025-07-04T15:04:47.425" >
            <step title="WebHooksManager.PublishEventAsync: PostDeployment" date="2025-07-04T15:04:47.445" /><!-- duration: 478ms -->
          </step><!-- duration: 502ms -->
          <step title="Cleaning up temporary deployment - fetch deployment was successful" date="2025-07-04T15:04:47.935" /><!-- duration: 6ms -->
        </step><!-- duration: 41171ms -->
      </step><!-- duration: 42863ms -->
