<step title="Incoming Request" date="2025-07-04T16:47:03.227" instance="d52a4a" url="/api/deployments/latest" method="GET" type="request" pid="768,1,18" Accept="*/*" Host="soundscribe-backend.scm.azurewebsites.net" User-Agent="AZURECLI/2.66.0" Accept-Encoding="gzip, deflate" Authorization="Bas..." x-ms-client-request-id="6a0acdb9-58f6-11f0-9550-8c1759c91239" X-ARR-LOG-ID="6a0acdb9-58f6-11f0-9550-8c1759c91239" CLIENT-IP="124.122.129.209:52310" X-SITE-DEPLOYMENT-ID="soundscribe-backend" WAS-DEFAULT-HOSTNAME="soundscribe-backend.scm.azurewebsites.net" X-Forwarded-Proto="https" X-AppService-Proto="https" X-Forwarded-TlsVersion="1.3" X-WAWS-Unencoded-URL="/api/deployments/latest" X-Client-IP="124.122.129.209" X-Client-Port="52310" >
  <step title="Cleanup Xml Logs" date="2025-07-04T16:47:03.244" >
    <step title="Cleanup Infos" date="2025-07-04T16:47:03.303" totalFiles="296" totalCleanup="136" /><!-- duration: 49ms -->
  </step><!-- duration: 117ms -->
  <step title="DeploymentService.GetResult" date="2025-07-04T16:47:03.544" >
    <step title="DeploymentService.GetLatestDeployment" date="2025-07-04T16:47:03.550" >
      <step title="DeploymentManager.GetResults" date="2025-07-04T16:47:03.677" /><!-- duration: 1515ms -->
    </step><!-- duration: 1721ms -->
  </step><!-- duration: 1746ms -->
  <step title="Outgoing response" date="2025-07-04T16:47:05.621" type="response" statusCode="202" statusText="Accepted" /><!-- duration: 10ms -->
</step><!-- duration: 2414ms -->
