<step title="Incoming Request" date="2025-06-25T23:07:43.354" instance="8552f3" url="/api/publish?type=zip" method="POST" type="request" pid="767,1,18" Accept="*/*" Host="soundscribe-backend.scm.azurewebsites.net" User-Agent="AZURECLI/2.66.0" Accept-Encoding="gzip, deflate" Authorization="Bas..." Cache-Control="no-cache" Content-Type="application/octet-stream" Content-Length="34342" x-ms-client-request-id="2b8a69c1-5219-11f0-8a05-8c1759c91239" x-ms-artifact-checksum="196dd947d43a4bab38aa623fa9afa4139f62b0b1cac1e93d14c8ef087a8cc5d4" X-ARR-LOG-ID="2b8a69c1-5219-11f0-8a05-8c1759c91239" CLIENT-IP="58.8.155.119:64092" X-SITE-DEPLOYMENT-ID="soundscribe-backend" WAS-DEFAULT-HOSTNAME="soundscribe-backend.scm.azurewebsites.net" X-Forwarded-Proto="https" X-AppService-Proto="https" X-Forwarded-TlsVersion="1.3" X-WAWS-Unencoded-URL="/api/publish?type=zip" X-Client-IP="58.8.155.119" X-Client-Port="64092" >
  <step title="Cleanup Xml Logs" date="2025-06-25T23:07:43.527" /><!-- duration: 19ms -->
  <step title="OneDeploy" date="2025-06-25T23:07:45.852" >
    <step title="None repository commit" date="2025-06-25T23:07:45.951" >
      <step title="Commit id: 19b10929-1c56-49e5-961e-7df8bea6c3d6" date="2025-06-25T23:07:45.971" Message="N/A" AuthorName="N/A" AuthorEmail="N/A" /><!-- duration: 28ms -->
    </step><!-- duration: 50ms -->
    <step title="Starting PushDeployAsync" date="2025-06-25T23:07:46.011" /><!-- duration: 2ms -->
    <step title="Writing artifact to /tmp/zipdeploy/02492499-4c87-4fdc-bda8-83821fa0b284.zip" date="2025-06-25T23:07:46.062" >
      <step title="Writing multipart request body to /tmp/zipdeploy/02492499-4c87-4fdc-bda8-83821fa0b284.zip" date="2025-06-25T23:07:46.081" /><!-- duration: 9ms -->
    </step><!-- duration: 242ms -->
    <step title="Attempting to fetch target branch HEAD" date="2025-06-25T23:07:46.331" /><!-- duration: 10ms -->
    <step title="Acquiring Deployment Lock" date="2025-06-25T23:07:46.352" /><!-- duration: 21ms -->
    <step title="Acquired Deployment Lock" date="2025-06-25T23:07:46.475" /><!-- duration: 19ms -->
    <step title="Performing fetch based deployment" date="2025-06-25T23:07:46.513" >
      <step title="Creating temporary deployment" date="2025-06-25T23:07:46.523" /><!-- duration: 153ms -->
      <step title="Releasing Deployment Lock" date="2025-06-25T23:07:48.012" /><!-- duration: 28ms -->
      <step title="Cleaning up temp folders from previous zip deployments and extracting pushed zip file /tmp/zipdeploy/02492499-4c87-4fdc-bda8-83821fa0b284.zip (0.03 MB) to /tmp/zipdeploy/extracted" date="2025-06-25T23:07:48.100" >
        <step title="ChmodRecursive Process exited with total time taken in ms: 139" date="2025-06-25T23:07:48.371" /><!-- duration: 10ms -->
      </step><!-- duration: 299ms -->
      <step title="None repository commit" date="2025-06-25T23:07:48.422" >
        <step title="Commit id: 19b10929-1c56-49e5-961e-7df8bea6c3d6" date="2025-06-25T23:07:48.430" Message="OneDeploy" AuthorName="N/A" AuthorEmail="N/A" /><!-- duration: 1ms -->
      </step><!-- duration: 19ms -->
      <step title="Deployment timer started" date="2025-06-25T23:07:50.452" >
        <step title="DeploymentManager.Deploy(id:19b10929-1c56-49e5-961e-7df8bea6c3d6)" date="2025-06-25T23:07:50.456" >
          <step title="Collecting changeset information" date="2025-06-25T23:07:50.483" /><!-- duration: 68ms -->
          <step title="Updating submodules" date="2025-06-25T23:07:50.555" /><!-- duration: 1084ms -->
          <step title="Determining deployment builder" date="2025-06-25T23:07:51.825" >
            <step title="Builder is OneDeployBuilder" date="2025-06-25T23:07:51.843" /><!-- duration: 2ms -->
          </step><!-- duration: 22ms -->
          <step title="PreDeployment: context.CleanOutputPath False" date="2025-06-25T23:07:51.874" >
            <step title="PreDeployment: context.OutputPath /home/site/wwwroot" date="2025-06-25T23:07:51.954" >
              <step title="Building" date="2025-06-25T23:07:52.026" >
                <step title="Executing external process" date="2025-06-25T23:07:52.426" type="process" path="starter.sh" arguments="/opt/Kudu/Scripts/parallel_rsync.sh /tmp/zipdeploy/extracted /home/site/wwwroot 8 /tmp/ False False  " /><!-- duration: 4153ms -->
                <step title="Modified file to trigger a restart of the app container." date="2025-06-25T23:07:56.978" /><!-- duration: 3ms -->
                <step title="Skip function trigger and logicapp sync because function is not enabled." date="2025-06-25T23:07:56.986" /><!-- duration: 8ms -->
              </step><!-- duration: 6047ms -->
            </step><!-- duration: 6131ms -->
            <step title="Cleaning up temp files" date="2025-06-25T23:07:58.095" /><!-- duration: 18ms -->
            <step title="Cleaning up temp files" date="2025-06-25T23:07:58.134" /><!-- duration: 540ms -->
            <step title="Reloading status file with latest updates" date="2025-06-25T23:07:58.728" >
              <step title="WebHooksManager.PublishEventAsync: PostDeployment" date="2025-06-25T23:07:58.746" /><!-- duration: 240ms -->
            </step><!-- duration: 267ms -->
            <step title="Cleaning up temporary deployment - fetch deployment was successful" date="2025-06-25T23:07:59.015" /><!-- duration: 8ms -->
          </step><!-- duration: 7248ms -->
        </step><!-- duration: 8715ms -->
        <step title="Outgoing response" date="2025-06-25T23:07:59.220" type="response" statusCode="200" statusText="OK" /><!-- duration: 2ms -->
      </step><!-- duration: 8778ms -->
