<step title="Incoming Request" date="2025-07-08T09:38:14.260" instance="d52a4a" url="/api/zipdeploy?isAsync=true" method="POST" type="request" pid="774,1,26" Accept="*/*" Host="soundscribe-backend.scm.azurewebsites.net" User-Agent="AZURECLI/2.66.0 (MSI)" Accept-Encoding="gzip, deflate" Authorization="Bas..." Cache-Control="no-cache" Content-Type="application/octet-stream" Content-Length="33907" x-ms-client-request-id="00c35872-5bdf-11f0-9601-8c1759c91239" x-ms-artifact-checksum="9771660296461d7e8a3885054432514ab5d4965c6c083e0b60cf3222107e09cd" X-ARR-LOG-ID="00c35872-5bdf-11f0-9601-8c1759c91239" CLIENT-IP="115.87.153.87:59500" X-SITE-DEPLOYMENT-ID="soundscribe-backend" WAS-DEFAULT-HOSTNAME="soundscribe-backend.scm.azurewebsites.net" X-Forwarded-Proto="https" X-AppService-Proto="https" X-Forwarded-TlsVersion="1.3" X-WAWS-Unencoded-URL="/api/zipdeploy?isAsync=true" X-Client-IP="115.87.153.87" X-Client-Port="59500" >
  <step title="ZipPushDeploy" date="2025-07-08T09:38:15.350" >
    <step title="ZipDeploy. Extract zip. Remote build." date="2025-07-08T09:38:15.364" /><!-- duration: 3ms -->
    <step title="None repository commit" date="2025-07-08T09:38:15.378" >
      <step title="Commit id: f0c7f10d-9a7c-483f-8f31-5a4f072086f3" date="2025-07-08T09:38:15.381" Message="N/A" AuthorName="N/A" AuthorEmail="N/A" /><!-- duration: 3ms -->
    </step><!-- duration: 9ms -->
    <step title="Starting PushDeployAsync" date="2025-07-08T09:38:15.395" /><!-- duration: 4ms -->
    <step title="Removing node_modules symlink" date="2025-07-08T09:38:15.427" >
      <step title="Removing _del_node_modules symlink" date="2025-07-08T09:38:15.601" >
        <step title="Writing artifact to /tmp/zipdeploy/58262402-0e5c-422d-bd50-430c8927834d.zip" date="2025-07-08T09:38:15.679" >
          <step title="Writing multipart request body to /tmp/zipdeploy/58262402-0e5c-422d-bd50-430c8927834d.zip" date="2025-07-08T09:38:15.698" /><!-- duration: 11ms -->
        </step><!-- duration: 166ms -->
        <step title="Removing previous build artifact&apos;s manifest file" date="2025-07-08T09:38:15.850" >
          <step title="Start deployment in the background" date="2025-07-08T09:38:15.876" >
            <step title="Acquiring Deployment Lock" date="2025-07-08T09:38:15.936" /><!-- duration: 4ms -->
            <step title="Acquired Deployment Lock" date="2025-07-08T09:38:15.998" /><!-- duration: 3ms -->
          </step><!-- duration: 261ms -->
        </step><!-- duration: 299ms -->
        <step title="Outgoing response" date="2025-07-08T09:38:16.196" type="response" statusCode="202" statusText="Accepted" /><!-- duration: 3ms -->
      </step><!-- duration: 601ms -->
