<step title="BackgroundTrace" date="2025-07-08T09:38:15.883" instance="d52a4a" url="/api/zipdeploy" method="POST" >
  <step title="Creating temporary deployment - FetchDeploymentManager" date="2025-07-08T09:38:16.005" /><!-- duration: 2ms -->
  <step title="Creating temporary deployment" date="2025-07-08T09:38:16.017" /><!-- duration: 116ms -->
  <step title="Performing fetch based deployment" date="2025-07-08T09:38:16.230" >
    <step title="Cleaning up temp folders from previous zip deployments and extracting pushed zip file /tmp/zipdeploy/58262402-0e5c-422d-bd50-430c8927834d.zip (0.03 MB) to /tmp/zipdeploy/extracted" date="2025-07-08T09:38:17.600" >
      <step title="ChmodRecursive Process exited with total time taken in ms: 40" date="2025-07-08T09:38:17.719" /><!-- duration: 19ms -->
    </step><!-- duration: 156ms -->
    <step title="Deployment timer started" date="2025-07-08T09:38:19.810" >
      <step title="DeploymentManager.Deploy(id:f0c7f10d-9a7c-483f-8f31-5a4f072086f3)" date="2025-07-08T09:38:19.823" >
        <step title="Collecting changeset information" date="2025-07-08T09:38:19.878" /><!-- duration: 110ms -->
        <step title="Updating submodules" date="2025-07-08T09:38:19.995" /><!-- duration: 1183ms -->
        <step title="Determining deployment builder" date="2025-07-08T09:38:21.479" >
          <step title="Builder is OryxBuilder" date="2025-07-08T09:38:21.512" /><!-- duration: 6ms -->
        </step><!-- duration: 49ms -->
        <step title="PreDeployment: context.CleanOutputPath False" date="2025-07-08T09:38:21.590" >
          <step title="PreDeployment: context.OutputPath /home/site/wwwroot" date="2025-07-08T09:38:21.731" >
            <step title="Building" date="2025-07-08T09:38:21.918" >
              <step title="Executing external process" date="2025-07-08T09:38:22.552" type="process" path="bash" arguments="-c &quot;oryx build /tmp/zipdeploy/extracted -o /home/site/wwwroot --platform nodejs --platform-version 18 -p virtualenv_name= --log-file /tmp/build-debug.log  -i /tmp/8ddbe032d93a8f5 -p compress_node_modules=tar-gz | tee /tmp/oryx-build.log ; exit $PIPESTATUS &quot;" /><!-- duration: 94035ms -->
              <step title="Using GenericDeploymentLogParser" date="2025-07-08T09:39:57.131" /><!-- duration: 27ms -->
              <step title="Triggering recycle (preview mode disabled)." date="2025-07-08T09:39:58.268" /><!-- duration: 7ms -->
              <step title="Modified file to trigger a restart of the app container." date="2025-07-08T09:39:58.300" /><!-- duration: 4ms -->
              <step title="Skip function trigger and logicapp sync because function is not enabled." date="2025-07-08T09:39:58.310" /><!-- duration: 11ms -->
              <step title="Purge deployment items" date="2025-07-08T09:39:59.382" >
                <step title="Remove a9fd9bc4-, Success, received at 06/25/2025 23:42:29" date="2025-07-08T09:39:59.482" /><!-- duration: 5ms -->
              </step><!-- duration: 112ms -->
            </step><!-- duration: 97656ms -->
          </step><!-- duration: 97853ms -->
          <step title="Cleaning up temp files" date="2025-07-08T09:39:59.587" /><!-- duration: 448ms -->
          <step title="Cleaning up temp files" date="2025-07-08T09:40:00.057" /><!-- duration: 517ms -->
          <step title="Reloading status file with latest updates" date="2025-07-08T09:40:00.606" >
            <step title="WebHooksManager.PublishEventAsync: PostDeployment" date="2025-07-08T09:40:00.622" /><!-- duration: 79ms -->
          </step><!-- duration: 99ms -->
          <step title="Cleaning up temporary deployment - fetch deployment was successful" date="2025-07-08T09:40:00.716" /><!-- duration: 4ms -->
        </step><!-- duration: 99187ms -->
      </step><!-- duration: 101012ms -->
