<step title="Incoming Request" date="2025-06-25T19:12:24.050" instance="8552f3" url="/api/publish?type=zip" method="POST" type="request" pid="769,1,16" Accept="*/*" Host="soundscribe-backend.scm.azurewebsites.net" User-Agent="AZURECLI/2.66.0 (MSI)" Accept-Encoding="gzip, deflate" Authorization="Bas..." Cache-Control="no-cache" Content-Type="application/octet-stream" Content-Length="22556813" x-ms-client-request-id="f67d9ab3-51f7-11f0-a1e6-8c1759c91239" x-ms-artifact-checksum="de531150d9b4335779a6747b8844356622ebddf90a531e83657b916b465a336e" X-ARR-LOG-ID="f67d9ab3-51f7-11f0-a1e6-8c1759c91239" CLIENT-IP="58.8.155.119:64627" X-SITE-DEPLOYMENT-ID="soundscribe-backend" WAS-DEFAULT-HOSTNAME="soundscribe-backend.scm.azurewebsites.net" X-Forwarded-Proto="https" X-AppService-Proto="https" X-Forwarded-TlsVersion="1.3" X-WAWS-Unencoded-URL="/api/publish?type=zip" X-Client-IP="58.8.155.119" X-Client-Port="64627" >
  <step title="OneDeploy" date="2025-06-25T19:12:25.851" >
    <step title="None repository commit" date="2025-06-25T19:12:25.929" >
      <step title="Commit id: 3c5fe114-5f9a-4823-893a-0b04a4706e0a" date="2025-06-25T19:12:25.938" Message="N/A" AuthorName="N/A" AuthorEmail="N/A" /><!-- duration: 8ms -->
    </step><!-- duration: 74ms -->
    <step title="Starting PushDeployAsync" date="2025-06-25T19:12:26.005" /><!-- duration: 8ms -->
    <step title="Writing artifact to /tmp/zipdeploy/d70a06e4-39f0-4667-84c0-f441d89475b6.zip" date="2025-06-25T19:12:26.065" >
      <step title="Writing multipart request body to /tmp/zipdeploy/d70a06e4-39f0-4667-84c0-f441d89475b6.zip" date="2025-06-25T19:12:26.075" /><!-- duration: 30ms -->
    </step><!-- duration: 4624ms -->
    <step title="Attempting to fetch target branch HEAD" date="2025-06-25T19:12:30.751" /><!-- duration: 9ms -->
    <step title="Acquiring Deployment Lock" date="2025-06-25T19:12:30.782" /><!-- duration: 9ms -->
    <step title="Acquired Deployment Lock" date="2025-06-25T19:12:30.942" /><!-- duration: 10ms -->
    <step title="Performing fetch based deployment" date="2025-06-25T19:12:30.990" >
      <step title="Creating temporary deployment" date="2025-06-25T19:12:31.022" /><!-- duration: 151ms -->
      <step title="Releasing Deployment Lock" date="2025-06-25T19:12:32.530" /><!-- duration: 38ms -->
      <step title="Cleaning up temp folders from previous zip deployments and extracting pushed zip file /tmp/zipdeploy/d70a06e4-39f0-4667-84c0-f441d89475b6.zip (21.51 MB) to /tmp/zipdeploy/extracted" date="2025-06-25T19:12:32.700" >
        <step title="ChmodRecursive Process exited with total time taken in ms: 640" date="2025-06-25T19:13:13.740" /><!-- duration: 29ms -->
      </step><!-- duration: 41118ms -->
      <step title="None repository commit" date="2025-06-25T19:13:13.829" >
        <step title="Commit id: 3c5fe114-5f9a-4823-893a-0b04a4706e0a" date="2025-06-25T19:13:13.838" Message="OneDeploy" AuthorName="N/A" AuthorEmail="N/A" /><!-- duration: 3ms -->
      </step><!-- duration: 21ms -->
      <step title="Deployment timer started" date="2025-06-25T19:13:15.908" >
        <step title="DeploymentManager.Deploy(id:3c5fe114-5f9a-4823-893a-0b04a4706e0a)" date="2025-06-25T19:13:15.927" >
          <step title="Collecting changeset information" date="2025-06-25T19:13:15.969" /><!-- duration: 189ms -->
          <step title="Updating submodules" date="2025-06-25T19:13:16.218" /><!-- duration: 1268ms -->
          <step title="Determining deployment builder" date="2025-06-25T19:13:17.805" >
            <step title="Builder is OneDeployBuilder" date="2025-06-25T19:13:17.837" /><!-- duration: 9ms -->
          </step><!-- duration: 51ms -->
          <step title="PreDeployment: context.CleanOutputPath False" date="2025-06-25T19:13:17.938" >
            <step title="PreDeployment: context.OutputPath /home/site/wwwroot" date="2025-06-25T19:13:18.098" >
              <step title="Building" date="2025-06-25T19:13:18.296" >
                <step title="Executing external process" date="2025-06-25T19:13:19.796" type="process" path="starter.sh" arguments="/opt/Kudu/Scripts/absoluteTar.sh /tmp/zipdeploy/extracted/node_modules /tmp/zipdeploy/extracted/node_modules.tar.gz" >
                  <step title="Cpu: gzip(810,8.500s)+sh(809,0.000s)+tar(808,2.180s)+absoluteTar.sh(807,0.000s)=total(10.670s)" date="2025-06-25T19:14:21.680" /><!-- duration: 62ms -->
                  <step title="starter.sh: no io activity for 61s, prev-cpu=-1.000s, current-cpu=10.670s" date="2025-06-25T19:14:21.810" /><!-- duration: 2ms -->
                </step><!-- duration: 68772ms -->
                <step title="Executing external process" date="2025-06-25T19:14:29.142" type="process" path="starter.sh" arguments="/opt/Kudu/Scripts/parallel_rsync.sh /tmp/zipdeploy/extracted /home/site/wwwroot 8 /tmp/ False False node_modules " /><!-- duration: 16673ms -->
                <step title="Modified file to trigger a restart of the app container." date="2025-06-25T19:14:47.476" /><!-- duration: 10ms -->
                <step title="Skip function trigger and logicapp sync because function is not enabled." date="2025-06-25T19:14:47.717" /><!-- duration: 29ms -->
              </step><!-- duration: 90344ms -->
            </step><!-- duration: 90563ms -->
            <step title="Cleaning up temp files" date="2025-06-25T19:14:48.663" /><!-- duration: 18ms -->
            <step title="Cleaning up temp files" date="2025-06-25T19:14:48.683" /><!-- duration: 550ms -->
            <step title="Reloading status file with latest updates" date="2025-06-25T19:14:49.332" >
              <step title="WebHooksManager.PublishEventAsync: PostDeployment" date="2025-06-25T19:14:49.353" /><!-- duration: 783ms -->
            </step><!-- duration: 815ms -->
            <step title="Cleaning up temporary deployment - fetch deployment was successful" date="2025-06-25T19:14:50.939" /><!-- duration: 10ms -->
          </step><!-- duration: 93104ms -->
        </step><!-- duration: 95194ms -->
        <step title="Outgoing response" date="2025-06-25T19:14:51.372" type="response" statusCode="200" statusText="OK" /><!-- duration: 10ms -->
      </step><!-- duration: 95483ms -->
