<step title="BackgroundTrace" date="2025-06-26T03:15:52.704" instance="8552f3" url="/api/zipdeploy" method="POST" >
  <step title="Creating temporary deployment - FetchDeploymentManager" date="2025-06-26T03:15:52.747" /><!-- duration: 1ms -->
  <step title="Creating temporary deployment" date="2025-06-26T03:15:52.754" /><!-- duration: 44ms -->
  <step title="Performing fetch based deployment" date="2025-06-26T03:15:52.824" >
    <step title="Cleaning up temp folders from previous zip deployments and extracting pushed zip file /tmp/zipdeploy/3b15a9a6-4736-43a8-b3f8-b043df81aeae.zip (0.01 MB) to /tmp/zipdeploy/extracted" date="2025-06-26T03:15:53.988" >
      <step title="ChmodRecursive Process exited with total time taken in ms: 59" date="2025-06-26T03:15:54.105" /><!-- duration: 9ms -->
    </step><!-- duration: 138ms -->
    <step title="Deployment timer started" date="2025-06-26T03:15:56.139" >
      <step title="DeploymentManager.Deploy(id:3b152915-f591-458c-8aa7-7367e45d4754)" date="2025-06-26T03:15:56.144" >
        <step title="Collecting changeset information" date="2025-06-26T03:15:56.156" /><!-- duration: 78ms -->
        <step title="Updating submodules" date="2025-06-26T03:15:56.237" /><!-- duration: 1120ms -->
        <step title="Determining deployment builder" date="2025-06-26T03:15:57.579" >
          <step title="Builder is OryxBuilder" date="2025-06-26T03:15:57.591" /><!-- duration: 18ms -->
        </step><!-- duration: 32ms -->
        <step title="PreDeployment: context.CleanOutputPath False" date="2025-06-26T03:15:57.680" >
          <step title="PreDeployment: context.OutputPath /home/site/wwwroot" date="2025-06-26T03:15:57.791" >
            <step title="Building" date="2025-06-26T03:15:57.886" >
              <step title="Executing external process" date="2025-06-26T03:15:58.119" type="process" path="bash" arguments="-c &quot;oryx build /tmp/zipdeploy/extracted -o /home/site/wwwroot --platform nodejs --platform-version 18 -p virtualenv_name= --log-file /tmp/build-debug.log  -i /tmp/8ddb45fc4fd37aa -p compress_node_modules=tar-gz | tee /tmp/oryx-build.log ; exit $PIPESTATUS &quot;" >
                <step title="Cpu: npm install(1182,25.620s)+build.sh(1095,0.050s)+oryx(1076,3.770s)+tee(1077,0.010s)+bash(1075,0.010s)=total(29.460s)" date="2025-06-26T03:17:06.440" /><!-- duration: 9ms -->
                <step title="bash: no io activity for 60s, prev-cpu=-1.000s, current-cpu=29.460s" date="2025-06-26T03:17:06.470" /><!-- duration: 9ms -->
                <step title="Process dump" date="2025-06-26T03:18:13.829" exitCode="23" type="processOutput" /><!-- duration: 38ms -->
              </step><!-- duration: 135829ms -->
              <step title="Error occurred" date="2025-06-26T03:18:14.118" type="error" text="npm warn deprecated multer@1.4.5-lts.2: Multer 1.x is impacted by a number of vulnerabilities, which have been patched in 2.x. You should upgrade to the latest 2.x version.
npm warn deprecated node-domexception@1.0.0: Use your platform&apos;s native DOMException instead
npm warn deprecated @azure/openai@1.0.0-beta.13: The Azure OpenAI client library for JavaScript beta has been retired. Please migrate to the stable OpenAI SDK for JavaScript using the migration guide: https://github.com/Azure/azure-sdk-for-js/blob/main/sdk/openai/openai/MIGRATION.md.
npm warn deprecated fluent-ffmpeg@2.1.3: Package no longer supported. Contact Support at https://www.npmjs.com/support for more info.
rsync: [receiver] mkstemp &quot;/home/site/wwwroot/.utils\audioProcessor.js.aXYIAj&quot; failed: Invalid argument (22)
rsync: [receiver] mkstemp &quot;/home/site/wwwroot/.utils\azureOpenAI.js.mAtZRm&quot; failed: Invalid argument (22)
rsync: [receiver] mkstemp &quot;/home/site/wwwroot/.utils\logger.js.LYAwDm&quot; failed: Invalid argument (22)
rsync: [receiver] mkstemp &quot;/home/site/wwwroot/.utils\rateLimiter.js.l3dAAn&quot; failed: Invalid argument (22)
rsync: [receiver] mkstemp &quot;/home/site/wwwroot/.utils\redisClient.js.P9eufj&quot; failed: Invalid argument (22)
rsync: [receiver] mkstemp &quot;/home/site/wwwroot/.utils\supabaseClient.js.VtT3qm&quot; failed: Invalid argument (22)
rsync: [receiver] mkstemp &quot;/home/site/wwwroot/.utils\websocketService.js.UC8Taj&quot; failed: Invalid argument (22)
rsync error: some files/attrs were not transferred (see previous errors) (code 23) at main.c(1333) [sender=3.2.3]
/bin/bash -c &quot;oryx build /tmp/zipdeploy/extracted -o /home/site/wwwroot --platform nodejs --platform-version 18 -p virtualenv_name= --log-file /tmp/build-debug.log  -i /tmp/8ddb45fc4fd37aa -p compress_node_modules=tar-gz | tee /tmp/oryx-build.log ; exit $PIPESTATUS &quot;" stackTrace="   at Kudu.Core.Infrastructure.Executable.ExecuteInternal(ITracer tracer, Func`2 onWriteOutput, Func`2 onWriteError, CancellationToken token, Encoding encoding, String arguments, Object[] args) in /tmp/KuduLite/Kudu.Core/Infrastructure/Executable.cs:line 239
   at Kudu.Core.Infrastructure.Executable.ExecuteWithProgressWriter(ILogger logger, ITracer tracer, CancellationToken token, String arguments, Object[] args) in /tmp/KuduLite/Kudu.Core/Infrastructure/Executable.cs:line 118
   at Kudu.Core.Deployment.Generator.ExternalCommandBuilder.RunCommand(DeploymentContext context, String command, Boolean ignoreManifest, CancellationToken token, String message) in /tmp/KuduLite/Kudu.Core/Deployment/Generator/ExternalCommandBuilder.cs:line 122" /><!-- duration: 52ms -->
              <step title="Error occurred" date="2025-06-26T03:18:14.220" type="error" text="npm warn deprecated multer@1.4.5-lts.2: Multer 1.x is impacted by a number of vulnerabilities, which have been patched in 2.x. You should upgrade to the latest 2.x version.
npm warn deprecated node-domexception@1.0.0: Use your platform&apos;s native DOMException instead
npm warn deprecated @azure/openai@1.0.0-beta.13: The Azure OpenAI client library for JavaScript beta has been retired. Please migrate to the stable OpenAI SDK for JavaScript using the migration guide: https://github.com/Azure/azure-sdk-for-js/blob/main/sdk/openai/openai/MIGRATION.md.
npm warn deprecated fluent-ffmpeg@2.1.3: Package no longer supported. Contact Support at https://www.npmjs.com/support for more info.
rsync: [receiver] mkstemp &quot;/home/site/wwwroot/.utils\audioProcessor.js.aXYIAj&quot; failed: Invalid argument (22)
rsync: [receiver] mkstemp &quot;/home/site/wwwroot/.utils\azureOpenAI.js.mAtZRm&quot; failed: Invalid argument (22)
rsync: [receiver] mkstemp &quot;/home/site/wwwroot/.utils\logger.js.LYAwDm&quot; failed: Invalid argument (22)
rsync: [receiver] mkstemp &quot;/home/site/wwwroot/.utils\rateLimiter.js.l3dAAn&quot; failed: Invalid argument (22)
rsync: [receiver] mkstemp &quot;/home/site/wwwroot/.utils\redisClient.js.P9eufj&quot; failed: Invalid argument (22)
rsync: [receiver] mkstemp &quot;/home/site/wwwroot/.utils\supabaseClient.js.VtT3qm&quot; failed: Invalid argument (22)
rsync: [receiver] mkstemp &quot;/home/site/wwwroot/.utils\websocketService.js.UC8Taj&quot; failed: Invalid argument (22)
rsync error: some files/attrs were not transferred (see previous errors) (code 23) at main.c(1333) [sender=3.2.3]
/bin/bash -c &quot;oryx build /tmp/zipdeploy/extracted -o /home/site/wwwroot --platform nodejs --platform-version 18 -p virtualenv_name= --log-file /tmp/build-debug.log  -i /tmp/8ddb45fc4fd37aa -p compress_node_modules=tar-gz | tee /tmp/oryx-build.log ; exit $PIPESTATUS &quot;" stackTrace="   at Kudu.Core.Infrastructure.Executable.ExecuteInternal(ITracer tracer, Func`2 onWriteOutput, Func`2 onWriteError, CancellationToken token, Encoding encoding, String arguments, Object[] args) in /tmp/KuduLite/Kudu.Core/Infrastructure/Executable.cs:line 239
   at Kudu.Core.Infrastructure.Executable.ExecuteWithProgressWriter(ILogger logger, ITracer tracer, CancellationToken token, String arguments, Object[] args) in /tmp/KuduLite/Kudu.Core/Infrastructure/Executable.cs:line 118
   at Kudu.Core.Deployment.Generator.ExternalCommandBuilder.RunCommand(DeploymentContext context, String command, Boolean ignoreManifest, CancellationToken token, String message) in /tmp/KuduLite/Kudu.Core/Deployment/Generator/ExternalCommandBuilder.cs:line 122
   at Kudu.Core.Deployment.Generator.OryxBuilder.RunBuildCommand(IOryxArguments args, DeploymentContext context, CancellationToken token) in /tmp/KuduLite/Kudu.Core/Deployment/Generator/OryxBuilder.cs:line 282
   at Kudu.Core.Deployment.Generator.OryxBuilder.Build(DeploymentContext context, CancellationToken token) in /tmp/KuduLite/Kudu.Core/Deployment/Generator/OryxBuilder.cs:line 123
   at Kudu.Core.Deployment.DeploymentManager.Build(ChangeSet changeSet, ITracer tracer, IDisposable deployStep, IRepository repository, DeploymentInfoBase deploymentInfo, DeploymentAnalytics deploymentAnalytics, Boolean fullBuildByDefault, CancellationToken cancellationToken) in /tmp/KuduLite/Kudu.Core/Deployment/DeploymentManager.cs:line 771" /><!-- duration: 22ms -->
              <step title="Using GenericDeploymentLogParser" date="2025-06-26T03:18:14.643" /><!-- duration: 27ms -->
              <step title="Purge deployment items" date="2025-06-26T03:18:16.721" >
                <step title="Remove d47bfd2d-, Failed, received at 06/26/2025 03:08:13" date="2025-06-26T03:18:16.822" /><!-- duration: 10ms -->
              </step><!-- duration: 129ms -->
            </step><!-- duration: 138965ms -->
          </step><!-- duration: 139080ms -->
          <step title="Error occurred" date="2025-06-26T03:18:16.900" type="error" text="npm warn deprecated multer@1.4.5-lts.2: Multer 1.x is impacted by a number of vulnerabilities, which have been patched in 2.x. You should upgrade to the latest 2.x version.
npm warn deprecated node-domexception@1.0.0: Use your platform&apos;s native DOMException instead
npm warn deprecated @azure/openai@1.0.0-beta.13: The Azure OpenAI client library for JavaScript beta has been retired. Please migrate to the stable OpenAI SDK for JavaScript using the migration guide: https://github.com/Azure/azure-sdk-for-js/blob/main/sdk/openai/openai/MIGRATION.md.
npm warn deprecated fluent-ffmpeg@2.1.3: Package no longer supported. Contact Support at https://www.npmjs.com/support for more info.
rsync: [receiver] mkstemp &quot;/home/site/wwwroot/.utils\audioProcessor.js.aXYIAj&quot; failed: Invalid argument (22)
rsync: [receiver] mkstemp &quot;/home/site/wwwroot/.utils\azureOpenAI.js.mAtZRm&quot; failed: Invalid argument (22)
rsync: [receiver] mkstemp &quot;/home/site/wwwroot/.utils\logger.js.LYAwDm&quot; failed: Invalid argument (22)
rsync: [receiver] mkstemp &quot;/home/site/wwwroot/.utils\rateLimiter.js.l3dAAn&quot; failed: Invalid argument (22)
rsync: [receiver] mkstemp &quot;/home/site/wwwroot/.utils\redisClient.js.P9eufj&quot; failed: Invalid argument (22)
rsync: [receiver] mkstemp &quot;/home/site/wwwroot/.utils\supabaseClient.js.VtT3qm&quot; failed: Invalid argument (22)
rsync: [receiver] mkstemp &quot;/home/site/wwwroot/.utils\websocketService.js.UC8Taj&quot; failed: Invalid argument (22)
rsync error: some files/attrs were not transferred (see previous errors) (code 23) at main.c(1333) [sender=3.2.3]
/bin/bash -c &quot;oryx build /tmp/zipdeploy/extracted -o /home/site/wwwroot --platform nodejs --platform-version 18 -p virtualenv_name= --log-file /tmp/build-debug.log  -i /tmp/8ddb45fc4fd37aa -p compress_node_modules=tar-gz | tee /tmp/oryx-build.log ; exit $PIPESTATUS &quot;" stackTrace="   at Kudu.Core.Infrastructure.Executable.ExecuteInternal(ITracer tracer, Func`2 onWriteOutput, Func`2 onWriteError, CancellationToken token, Encoding encoding, String arguments, Object[] args) in /tmp/KuduLite/Kudu.Core/Infrastructure/Executable.cs:line 239
   at Kudu.Core.Infrastructure.Executable.ExecuteWithProgressWriter(ILogger logger, ITracer tracer, CancellationToken token, String arguments, Object[] args) in /tmp/KuduLite/Kudu.Core/Infrastructure/Executable.cs:line 118
   at Kudu.Core.Deployment.Generator.ExternalCommandBuilder.RunCommand(DeploymentContext context, String command, Boolean ignoreManifest, CancellationToken token, String message) in /tmp/KuduLite/Kudu.Core/Deployment/Generator/ExternalCommandBuilder.cs:line 122
   at Kudu.Core.Deployment.Generator.OryxBuilder.RunBuildCommand(IOryxArguments args, DeploymentContext context, CancellationToken token) in /tmp/KuduLite/Kudu.Core/Deployment/Generator/OryxBuilder.cs:line 282
   at Kudu.Core.Deployment.Generator.OryxBuilder.Build(DeploymentContext context, CancellationToken token) in /tmp/KuduLite/Kudu.Core/Deployment/Generator/OryxBuilder.cs:line 123
   at Kudu.Core.Deployment.DeploymentManager.Build(ChangeSet changeSet, ITracer tracer, IDisposable deployStep, IRepository repository, DeploymentInfoBase deploymentInfo, DeploymentAnalytics deploymentAnalytics, Boolean fullBuildByDefault, CancellationToken cancellationToken) in /tmp/KuduLite/Kudu.Core/Deployment/DeploymentManager.cs:line 771
   at Kudu.Core.Deployment.DeploymentManager.Build(ChangeSet changeSet, ITracer tracer, IDisposable deployStep, IRepository repository, DeploymentInfoBase deploymentInfo, DeploymentAnalytics deploymentAnalytics, Boolean fullBuildByDefault, CancellationToken cancellationToken) in /tmp/KuduLite/Kudu.Core/Deployment/DeploymentManager.cs:line 840" /><!-- duration: 2ms -->
          <step title="Cleaning up temp files" date="2025-06-26T03:18:17.122" /><!-- duration: 2735ms -->
          <step title="Cleaning up temp files" date="2025-06-26T03:18:19.876" /><!-- duration: 520ms -->
          <step title="Error occurred" date="2025-06-26T03:18:20.418" type="error" text="npm warn deprecated multer@1.4.5-lts.2: Multer 1.x is impacted by a number of vulnerabilities, which have been patched in 2.x. You should upgrade to the latest 2.x version.
npm warn deprecated node-domexception@1.0.0: Use your platform&apos;s native DOMException instead
npm warn deprecated @azure/openai@1.0.0-beta.13: The Azure OpenAI client library for JavaScript beta has been retired. Please migrate to the stable OpenAI SDK for JavaScript using the migration guide: https://github.com/Azure/azure-sdk-for-js/blob/main/sdk/openai/openai/MIGRATION.md.
npm warn deprecated fluent-ffmpeg@2.1.3: Package no longer supported. Contact Support at https://www.npmjs.com/support for more info.
rsync: [receiver] mkstemp &quot;/home/site/wwwroot/.utils\audioProcessor.js.aXYIAj&quot; failed: Invalid argument (22)
rsync: [receiver] mkstemp &quot;/home/site/wwwroot/.utils\azureOpenAI.js.mAtZRm&quot; failed: Invalid argument (22)
rsync: [receiver] mkstemp &quot;/home/site/wwwroot/.utils\logger.js.LYAwDm&quot; failed: Invalid argument (22)
rsync: [receiver] mkstemp &quot;/home/site/wwwroot/.utils\rateLimiter.js.l3dAAn&quot; failed: Invalid argument (22)
rsync: [receiver] mkstemp &quot;/home/site/wwwroot/.utils\redisClient.js.P9eufj&quot; failed: Invalid argument (22)
rsync: [receiver] mkstemp &quot;/home/site/wwwroot/.utils\supabaseClient.js.VtT3qm&quot; failed: Invalid argument (22)
rsync: [receiver] mkstemp &quot;/home/site/wwwroot/.utils\websocketService.js.UC8Taj&quot; failed: Invalid argument (22)
rsync error: some files/attrs were not transferred (see previous errors) (code 23) at main.c(1333) [sender=3.2.3]
/bin/bash -c &quot;oryx build /tmp/zipdeploy/extracted -o /home/site/wwwroot --platform nodejs --platform-version 18 -p virtualenv_name= --log-file /tmp/build-debug.log  -i /tmp/8ddb45fc4fd37aa -p compress_node_modules=tar-gz | tee /tmp/oryx-build.log ; exit $PIPESTATUS &quot;" stackTrace="   at Kudu.Core.Infrastructure.Executable.ExecuteInternal(ITracer tracer, Func`2 onWriteOutput, Func`2 onWriteError, CancellationToken token, Encoding encoding, String arguments, Object[] args) in /tmp/KuduLite/Kudu.Core/Infrastructure/Executable.cs:line 239
   at Kudu.Core.Infrastructure.Executable.ExecuteWithProgressWriter(ILogger logger, ITracer tracer, CancellationToken token, String arguments, Object[] args) in /tmp/KuduLite/Kudu.Core/Infrastructure/Executable.cs:line 118
   at Kudu.Core.Deployment.Generator.ExternalCommandBuilder.RunCommand(DeploymentContext context, String command, Boolean ignoreManifest, CancellationToken token, String message) in /tmp/KuduLite/Kudu.Core/Deployment/Generator/ExternalCommandBuilder.cs:line 122
   at Kudu.Core.Deployment.Generator.OryxBuilder.RunBuildCommand(IOryxArguments args, DeploymentContext context, CancellationToken token) in /tmp/KuduLite/Kudu.Core/Deployment/Generator/OryxBuilder.cs:line 282
   at Kudu.Core.Deployment.Generator.OryxBuilder.Build(DeploymentContext context, CancellationToken token) in /tmp/KuduLite/Kudu.Core/Deployment/Generator/OryxBuilder.cs:line 123
   at Kudu.Core.Deployment.DeploymentManager.Build(ChangeSet changeSet, ITracer tracer, IDisposable deployStep, IRepository repository, DeploymentInfoBase deploymentInfo, DeploymentAnalytics deploymentAnalytics, Boolean fullBuildByDefault, CancellationToken cancellationToken) in /tmp/KuduLite/Kudu.Core/Deployment/DeploymentManager.cs:line 771
   at Kudu.Core.Deployment.DeploymentManager.Build(ChangeSet changeSet, ITracer tracer, IDisposable deployStep, IRepository repository, DeploymentInfoBase deploymentInfo, DeploymentAnalytics deploymentAnalytics, Boolean fullBuildByDefault, CancellationToken cancellationToken) in /tmp/KuduLite/Kudu.Core/Deployment/DeploymentManager.cs:line 840
   at Kudu.Core.Deployment.DeploymentManager.DeployAsync(IRepository repository, ChangeSet changeSet, String deployer, Boolean clean, DeploymentInfoBase deploymentInfo, Boolean needFileUpdate, Boolean fullBuildByDefault) in /tmp/KuduLite/Kudu.Core/Deployment/DeploymentManager.cs:line 266" /><!-- duration: 5ms -->
        </step><!-- duration: 142750ms -->
        <step title="Reloading status file with latest updates" date="2025-06-26T03:18:20.463" >
          <step title="WebHooksManager.PublishEventAsync: PostDeployment" date="2025-06-26T03:18:20.471" /><!-- duration: 42ms -->
        </step><!-- duration: 53ms -->
        <step title="Error occurred" date="2025-06-26T03:18:20.518" type="error" text="npm warn deprecated multer@1.4.5-lts.2: Multer 1.x is impacted by a number of vulnerabilities, which have been patched in 2.x. You should upgrade to the latest 2.x version.
npm warn deprecated node-domexception@1.0.0: Use your platform&apos;s native DOMException instead
npm warn deprecated @azure/openai@1.0.0-beta.13: The Azure OpenAI client library for JavaScript beta has been retired. Please migrate to the stable OpenAI SDK for JavaScript using the migration guide: https://github.com/Azure/azure-sdk-for-js/blob/main/sdk/openai/openai/MIGRATION.md.
npm warn deprecated fluent-ffmpeg@2.1.3: Package no longer supported. Contact Support at https://www.npmjs.com/support for more info.
rsync: [receiver] mkstemp &quot;/home/site/wwwroot/.utils\audioProcessor.js.aXYIAj&quot; failed: Invalid argument (22)
rsync: [receiver] mkstemp &quot;/home/site/wwwroot/.utils\azureOpenAI.js.mAtZRm&quot; failed: Invalid argument (22)
rsync: [receiver] mkstemp &quot;/home/site/wwwroot/.utils\logger.js.LYAwDm&quot; failed: Invalid argument (22)
rsync: [receiver] mkstemp &quot;/home/site/wwwroot/.utils\rateLimiter.js.l3dAAn&quot; failed: Invalid argument (22)
rsync: [receiver] mkstemp &quot;/home/site/wwwroot/.utils\redisClient.js.P9eufj&quot; failed: Invalid argument (22)
rsync: [receiver] mkstemp &quot;/home/site/wwwroot/.utils\supabaseClient.js.VtT3qm&quot; failed: Invalid argument (22)
rsync: [receiver] mkstemp &quot;/home/site/wwwroot/.utils\websocketService.js.UC8Taj&quot; failed: Invalid argument (22)
rsync error: some files/attrs were not transferred (see previous errors) (code 23) at main.c(1333) [sender=3.2.3]
/bin/bash -c &quot;oryx build /tmp/zipdeploy/extracted -o /home/site/wwwroot --platform nodejs --platform-version 18 -p virtualenv_name= --log-file /tmp/build-debug.log  -i /tmp/8ddb45fc4fd37aa -p compress_node_modules=tar-gz | tee /tmp/oryx-build.log ; exit $PIPESTATUS &quot;" stackTrace="   at Kudu.Core.Infrastructure.Executable.ExecuteInternal(ITracer tracer, Func`2 onWriteOutput, Func`2 onWriteError, CancellationToken token, Encoding encoding, String arguments, Object[] args) in /tmp/KuduLite/Kudu.Core/Infrastructure/Executable.cs:line 239
   at Kudu.Core.Infrastructure.Executable.ExecuteWithProgressWriter(ILogger logger, ITracer tracer, CancellationToken token, String arguments, Object[] args) in /tmp/KuduLite/Kudu.Core/Infrastructure/Executable.cs:line 118
   at Kudu.Core.Deployment.Generator.ExternalCommandBuilder.RunCommand(DeploymentContext context, String command, Boolean ignoreManifest, CancellationToken token, String message) in /tmp/KuduLite/Kudu.Core/Deployment/Generator/ExternalCommandBuilder.cs:line 122
   at Kudu.Core.Deployment.Generator.OryxBuilder.RunBuildCommand(IOryxArguments args, DeploymentContext context, CancellationToken token) in /tmp/KuduLite/Kudu.Core/Deployment/Generator/OryxBuilder.cs:line 282
   at Kudu.Core.Deployment.Generator.OryxBuilder.Build(DeploymentContext context, CancellationToken token) in /tmp/KuduLite/Kudu.Core/Deployment/Generator/OryxBuilder.cs:line 123
   at Kudu.Core.Deployment.DeploymentManager.Build(ChangeSet changeSet, ITracer tracer, IDisposable deployStep, IRepository repository, DeploymentInfoBase deploymentInfo, DeploymentAnalytics deploymentAnalytics, Boolean fullBuildByDefault, CancellationToken cancellationToken) in /tmp/KuduLite/Kudu.Core/Deployment/DeploymentManager.cs:line 771
   at Kudu.Core.Deployment.DeploymentManager.Build(ChangeSet changeSet, ITracer tracer, IDisposable deployStep, IRepository repository, DeploymentInfoBase deploymentInfo, DeploymentAnalytics deploymentAnalytics, Boolean fullBuildByDefault, CancellationToken cancellationToken) in /tmp/KuduLite/Kudu.Core/Deployment/DeploymentManager.cs:line 840
   at Kudu.Core.Deployment.DeploymentManager.DeployAsync(IRepository repository, ChangeSet changeSet, String deployer, Boolean clean, DeploymentInfoBase deploymentInfo, Boolean needFileUpdate, Boolean fullBuildByDefault) in /tmp/KuduLite/Kudu.Core/Deployment/DeploymentManager.cs:line 266" /><!-- duration: 2ms -->
        <step title="Marking deployment as failed and cleaning up the temp deployment" date="2025-06-26T03:18:20.576" /><!-- duration: 6ms -->
      </step><!-- duration: 144532ms -->
      <step title="Error occurred" date="2025-06-26T03:18:20.702" type="error" text="One or more errors occurred. (Deployment failed)" stackTrace="   at System.Threading.Tasks.Task.ThrowIfExceptional(Boolean includeTaskCanceledExceptions)
   at System.Threading.Tasks.Task.Wait(Int32 millisecondsTimeout, CancellationToken cancellationToken)
   at System.Threading.Tasks.Task.Wait()
   at Kudu.Core.Deployment.FetchDeploymentManager.&lt;&gt;c__DisplayClass22_1.&lt;PerformBackgroundDeployment&gt;b__3() in /tmp/KuduLite/Kudu.Core/Deployment/FetchDeploymentManager.cs:line 414
   at Kudu.Contracts.Infrastructure.LockExtensions.TryLockOperation(IOperationLock lockObj, Action operation, String operationName, TimeSpan timeout) in /tmp/KuduLite/Kudu.Contracts/Infrastructure/LockExtensions.cs:line 34
   at Kudu.Contracts.Infrastructure.LockExtensions.LockOperation(IOperationLock lockObj, Action operation, String operationName, TimeSpan timeout) in /tmp/KuduLite/Kudu.Contracts/Infrastructure/LockExtensions.cs:line 46
   at Kudu.Core.Deployment.FetchDeploymentManager.&lt;&gt;c__DisplayClass22_0.&lt;PerformBackgroundDeployment&gt;b__1() in /tmp/KuduLite/Kudu.Core/Deployment/FetchDeploymentManager.cs:line 393" innerText="Deployment failed" innerStackTrace="   at Kudu.Core.Deployment.DeploymentManager.DeployAsync(IRepository repository, ChangeSet changeSet, String deployer, Boolean clean, DeploymentInfoBase deploymentInfo, Boolean needFileUpdate, Boolean fullBuildByDefault) in /tmp/KuduLite/Kudu.Core/Deployment/DeploymentManager.cs:line 307
   at Kudu.Core.Deployment.FetchDeploymentManager.PerformDeployment(DeploymentInfoBase deploymentInfo, IDisposable tempDeployment, ChangeSet tempChangeSet, DeployStatusApiResult updateStatusObj) in /tmp/KuduLite/Kudu.Core/Deployment/FetchDeploymentManager.cs:line 230" /><!-- duration: 1ms -->
    </step><!-- duration: 144571ms -->
