<step title="BackgroundTrace" date="2025-06-25T22:19:46.915" instance="8552f3" url="/api/zipdeploy" method="POST" >
  <step title="Creating temporary deployment - FetchDeploymentManager" date="2025-06-25T22:19:47.263" /><!-- duration: 2ms -->
  <step title="Creating temporary deployment" date="2025-06-25T22:19:47.275" /><!-- duration: 54ms -->
  <step title="Performing fetch based deployment" date="2025-06-25T22:19:47.411" >
    <step title="Cleaning up temp folders from previous zip deployments and extracting pushed zip file /tmp/zipdeploy/ea60ebcf-9a75-4308-80c9-51351182f08d.zip (0.03 MB) to /tmp/zipdeploy/extracted" date="2025-06-25T22:19:48.616" /><!-- duration: 44ms -->
    <step title="Deployment timer started" date="2025-06-25T22:19:50.681" >
      <step title="DeploymentManager.Deploy(id:5a208804-9cbb-4d98-824c-d13febd0c4a4)" date="2025-06-25T22:19:50.690" >
        <step title="Collecting changeset information" date="2025-06-25T22:19:50.720" /><!-- duration: 80ms -->
        <step title="Updating submodules" date="2025-06-25T22:19:50.803" /><!-- duration: 1080ms -->
        <step title="Determining deployment builder" date="2025-06-25T22:19:52.050" >
          <step title="Builder is BasicBuilder" date="2025-06-25T22:19:52.068" /><!-- duration: 8ms -->
        </step><!-- duration: 35ms -->
        <step title="PreDeployment: context.CleanOutputPath False" date="2025-06-25T22:19:52.110" >
          <step title="PreDeployment: context.OutputPath /home/site/wwwroot" date="2025-06-25T22:19:52.193" >
            <step title="Building" date="2025-06-25T22:19:52.283" >
              <step title="Executing external process" date="2025-06-25T22:19:52.469" type="process" path="starter.sh" arguments="/opt/Kudu/Scripts/parallel_rsync.sh /tmp/zipdeploy/extracted /home/site/wwwroot 8 /tmp/ False True  " /><!-- duration: 541ms -->
              <step title="Triggering recycle (preview mode disabled)." date="2025-06-25T22:19:53.272" /><!-- duration: 8ms -->
              <step title="Modified file to trigger a restart of the app container." date="2025-06-25T22:19:53.301" /><!-- duration: 2ms -->
              <step title="Skip function trigger and logicapp sync because function is not enabled." date="2025-06-25T22:19:53.330" /><!-- duration: 2ms -->
            </step><!-- duration: 1755ms -->
          </step><!-- duration: 1850ms -->
          <step title="Cleaning up temp files" date="2025-06-25T22:19:54.047" /><!-- duration: 20ms -->
          <step title="Cleaning up temp files" date="2025-06-25T22:19:54.069" /><!-- duration: 506ms -->
          <step title="Reloading status file with latest updates" date="2025-06-25T22:19:54.623" >
            <step title="WebHooksManager.PublishEventAsync: PostDeployment" date="2025-06-25T22:19:54.634" /><!-- duration: 345ms -->
          </step><!-- duration: 358ms -->
          <step title="Cleaning up temporary deployment - fetch deployment was successful" date="2025-06-25T22:19:55.038" /><!-- duration: 1ms -->
        </step><!-- duration: 3019ms -->
      </step><!-- duration: 4508ms -->
