<step title="BackgroundTrace" date="2025-07-04T16:46:53.611" instance="d52a4a" url="/api/zipdeploy" method="POST" >
  <step title="Creating temporary deployment - FetchDeploymentManager" date="2025-07-04T16:46:53.716" /><!-- duration: 3ms -->
  <step title="Creating temporary deployment" date="2025-07-04T16:46:53.727" /><!-- duration: 70ms -->
  <step title="Performing fetch based deployment" date="2025-07-04T16:46:53.876" >
    <step title="Cleaning up temp folders from previous zip deployments and extracting pushed zip file /tmp/zipdeploy/69f8ae6e-e4d9-405d-9b22-1f9e7a125e89.zip (0.02 MB) to /tmp/zipdeploy/extracted" date="2025-07-04T16:46:55.080" >
      <step title="ChmodRecursive Process exited with total time taken in ms: 61" date="2025-07-04T16:46:55.201" /><!-- duration: 9ms -->
    </step><!-- duration: 144ms -->
    <step title="Deployment timer started" date="2025-07-04T16:46:57.257" >
      <step title="DeploymentManager.Deploy(id:6d0c295f-c789-49bf-9187-c982abd0b571)" date="2025-07-04T16:46:57.271" >
        <step title="Collecting changeset information" date="2025-07-04T16:46:57.306" /><!-- duration: 106ms -->
        <step title="Updating submodules" date="2025-07-04T16:46:57.418" /><!-- duration: 1122ms -->
        <step title="Determining deployment builder" date="2025-07-04T16:46:58.802" >
          <step title="Builder is OryxBuilder" date="2025-07-04T16:46:58.831" /><!-- duration: 3ms -->
        </step><!-- duration: 58ms -->
        <step title="PreDeployment: context.CleanOutputPath False" date="2025-07-04T16:46:58.902" >
          <step title="PreDeployment: context.OutputPath /home/site/wwwroot" date="2025-07-04T16:46:59.020" >
            <step title="Building" date="2025-07-04T16:46:59.162" >
              <step title="Executing external process" date="2025-07-04T16:46:59.477" type="process" path="bash" arguments="-c &quot;oryx build /tmp/zipdeploy/extracted -o /home/site/wwwroot --platform nodejs --platform-version 18 -p virtualenv_name= --log-file /tmp/build-debug.log  -i /tmp/8ddbb1a64a62809 -p compress_node_modules=tar-gz | tee /tmp/oryx-build.log ; exit $PIPESTATUS &quot;" /><!-- duration: 71666ms -->
              <step title="Using GenericDeploymentLogParser" date="2025-07-04T16:48:12.017" /><!-- duration: 9ms -->
              <step title="Triggering recycle (preview mode disabled)." date="2025-07-04T16:48:13.454" /><!-- duration: 5ms -->
              <step title="Modified file to trigger a restart of the app container." date="2025-07-04T16:48:13.491" /><!-- duration: 4ms -->
              <step title="Skip function trigger and logicapp sync because function is not enabled." date="2025-07-04T16:48:13.514" /><!-- duration: 9ms -->
              <step title="Purge deployment items" date="2025-07-04T16:48:14.663" >
                <step title="Remove 19b10929-, Success, received at 06/25/2025 23:07:50" date="2025-07-04T16:48:14.740" /><!-- duration: 4ms -->
              </step><!-- duration: 91ms -->
            </step><!-- duration: 75689ms -->
          </step><!-- duration: 75841ms -->
          <step title="Cleaning up temp files" date="2025-07-04T16:48:14.869" /><!-- duration: 251ms -->
          <step title="Cleaning up temp files" date="2025-07-04T16:48:15.124" /><!-- duration: 516ms -->
          <step title="Reloading status file with latest updates" date="2025-07-04T16:48:15.681" >
            <step title="WebHooksManager.PublishEventAsync: PostDeployment" date="2025-07-04T16:48:15.692" /><!-- duration: 102ms -->
          </step><!-- duration: 118ms -->
          <step title="Cleaning up temporary deployment - fetch deployment was successful" date="2025-07-04T16:48:15.812" /><!-- duration: 3ms -->
        </step><!-- duration: 76977ms -->
      </step><!-- duration: 78625ms -->
