<step title="Incoming Request" date="2025-06-26T14:05:16.916" instance="8552f3" url="/api/publish?type=zip" method="POST" type="request" pid="768,1,7" Accept="*/*" Host="soundscribe-backend.scm.azurewebsites.net" User-Agent="AZURECLI/2.66.0 (MSI)" Accept-Encoding="gzip, deflate" Authorization="Bas..." Cache-Control="no-cache" Content-Type="application/octet-stream" Content-Length="3227" x-ms-client-request-id="6e5875ab-5296-11f0-989f-8c1759c91239" x-ms-artifact-checksum="667a42af7153a50fc97384a17a9a0f61d0c1b4984983d1343730862ce3765070" X-ARR-LOG-ID="6e5875ab-5296-11f0-989f-8c1759c91239" CLIENT-IP="124.122.128.133:41394" X-SITE-DEPLOYMENT-ID="soundscribe-backend" WAS-DEFAULT-HOSTNAME="soundscribe-backend.scm.azurewebsites.net" X-Forwarded-Proto="https" X-AppService-Proto="https" X-Forwarded-TlsVersion="1.3" X-WAWS-Unencoded-URL="/api/publish?type=zip" X-Client-IP="124.122.128.133" X-Client-Port="41394" >
  <step title="OneDeploy" date="2025-06-26T14:05:18.602" >
    <step title="None repository commit" date="2025-06-26T14:05:18.639" >
      <step title="Commit id: 7d14c975-af8f-4536-9fde-2449bad1c7ef" date="2025-06-26T14:05:18.643" Message="N/A" AuthorName="N/A" AuthorEmail="N/A" /><!-- duration: 6ms -->
    </step><!-- duration: 12ms -->
    <step title="Starting PushDeployAsync" date="2025-06-26T14:05:18.653" /><!-- duration: 1ms -->
    <step title="Writing artifact to /tmp/zipdeploy/9d588fcf-5640-4ff1-b32e-c239fe5bdb9d.zip" date="2025-06-26T14:05:18.690" >
      <step title="Writing multipart request body to /tmp/zipdeploy/9d588fcf-5640-4ff1-b32e-c239fe5bdb9d.zip" date="2025-06-26T14:05:18.720" /><!-- duration: 11ms -->
    </step><!-- duration: 73ms -->
    <step title="Attempting to fetch target branch HEAD" date="2025-06-26T14:05:18.781" /><!-- duration: 2ms -->
    <step title="Acquiring Deployment Lock" date="2025-06-26T14:05:18.790" /><!-- duration: 10ms -->
    <step title="Acquired Deployment Lock" date="2025-06-26T14:05:18.840" /><!-- duration: 20ms -->
    <step title="Performing fetch based deployment" date="2025-06-26T14:05:18.888" >
      <step title="Creating temporary deployment" date="2025-06-26T14:05:18.898" /><!-- duration: 71ms -->
      <step title="Releasing Deployment Lock" date="2025-06-26T14:05:20.207" /><!-- duration: 9ms -->
      <step title="Cleaning up temp folders from previous zip deployments and extracting pushed zip file /tmp/zipdeploy/9d588fcf-5640-4ff1-b32e-c239fe5bdb9d.zip (0.00 MB) to /tmp/zipdeploy/extracted" date="2025-06-26T14:05:20.237" >
        <step title="ChmodRecursive Process exited with total time taken in ms: 81" date="2025-06-26T14:05:20.407" /><!-- duration: 28ms -->
      </step><!-- duration: 200ms -->
      <step title="None repository commit" date="2025-06-26T14:05:20.446" >
        <step title="Commit id: 7d14c975-af8f-4536-9fde-2449bad1c7ef" date="2025-06-26T14:05:20.448" Message="OneDeploy" AuthorName="N/A" AuthorEmail="N/A" /><!-- duration: 8ms -->
      </step><!-- duration: 11ms -->
      <step title="Deployment timer started" date="2025-06-26T14:05:22.461" >
        <step title="DeploymentManager.Deploy(id:7d14c975-af8f-4536-9fde-2449bad1c7ef)" date="2025-06-26T14:05:22.488" >
          <step title="Collecting changeset information" date="2025-06-26T14:05:22.537" /><!-- duration: 85ms -->
          <step title="Updating submodules" date="2025-06-26T14:05:22.625" /><!-- duration: 1293ms -->
          <step title="Determining deployment builder" date="2025-06-26T14:05:24.216" >
            <step title="Builder is OryxBuilder" date="2025-06-26T14:05:24.231" /><!-- duration: 1ms -->
          </step><!-- duration: 24ms -->
          <step title="PreDeployment: context.CleanOutputPath False" date="2025-06-26T14:05:24.275" >
            <step title="PreDeployment: context.OutputPath /home/site/wwwroot" date="2025-06-26T14:05:24.361" >
              <step title="Building" date="2025-06-26T14:05:24.454" >
                <step title="Executing external process" date="2025-06-26T14:05:24.750" type="process" path="bash" arguments="-c &quot;oryx build /tmp/zipdeploy/extracted -o /home/site/wwwroot --platform nodejs --platform-version 18 -p virtualenv_name= --log-file /tmp/build-debug.log  -i /tmp/8ddb4ba7ee7ab2b -p compress_node_modules=tar-gz | tee /tmp/oryx-build.log ; exit $PIPESTATUS &quot;" /><!-- duration: 33598ms -->
                <step title="Using GenericDeploymentLogParser" date="2025-06-26T14:05:58.662" /><!-- duration: 2ms -->
                <step title="Modified file to trigger a restart of the app container." date="2025-06-26T14:05:59.536" /><!-- duration: 3ms -->
                <step title="Skip function trigger and logicapp sync because function is not enabled." date="2025-06-26T14:05:59.543" /><!-- duration: 18ms -->
                <step title="Purge deployment items" date="2025-06-26T14:06:00.493" >
                  <step title="Remove 011d5976-, Failed, received at 06/26/2025 13:02:58" date="2025-06-26T14:06:00.524" /><!-- duration: 2ms -->
                  <step title="Remove temp-25e4, Failed, received at 06/26/2025 13:02:52" date="2025-06-26T14:06:00.562" /><!-- duration: 2ms -->
                  <step title="Remove 53945317-, Success, received at 06/25/2025 20:03:27" date="2025-06-26T14:06:00.605" /><!-- duration: 2ms -->
                </step><!-- duration: 115ms -->
              </step><!-- duration: 36259ms -->
            </step><!-- duration: 36359ms -->
            <step title="Cleaning up temp files" date="2025-06-26T14:06:00.721" /><!-- duration: 70ms -->
            <step title="Cleaning up temp files" date="2025-06-26T14:06:00.826" /><!-- duration: 510ms -->
            <step title="Reloading status file with latest updates" date="2025-06-26T14:06:01.362" >
              <step title="WebHooksManager.PublishEventAsync: PostDeployment" date="2025-06-26T14:06:01.369" /><!-- duration: 101ms -->
            </step><!-- duration: 110ms -->
            <step title="Cleaning up temporary deployment - fetch deployment was successful" date="2025-06-26T14:06:01.475" /><!-- duration: 1ms -->
          </step><!-- duration: 37298ms -->
        </step><!-- duration: 39097ms -->
        <step title="Outgoing response" date="2025-06-26T14:06:01.607" type="response" statusCode="200" statusText="OK" /><!-- duration: 2ms -->
      </step><!-- duration: 39153ms -->
