<step title="Incoming Request" date="2025-07-04T15:03:59.987" instance="d52a4a" url="/api/zipdeploy?isAsync=true" method="POST" type="request" pid="772,1,47" Accept="*/*" Host="soundscribe-backend.scm.azurewebsites.net" User-Agent="AZURECLI/2.66.0" Accept-Encoding="gzip, deflate" Authorization="Bas..." Cache-Control="no-cache" Content-Type="application/octet-stream" Content-Length="90702" x-ms-client-request-id="173fb661-58e8-11f0-af2a-8c1759c91239" x-ms-artifact-checksum="0e6b27d4235b0dc76877418b147ee8fdee1d8eff1b1bcec822f7b4dd3f688751" X-ARR-LOG-ID="173fb661-58e8-11f0-af2a-8c1759c91239" CLIENT-IP="124.122.129.209:63992" X-SITE-DEPLOYMENT-ID="soundscribe-backend" WAS-DEFAULT-HOSTNAME="soundscribe-backend.scm.azurewebsites.net" X-Forwarded-Proto="https" X-AppService-Proto="https" X-Forwarded-TlsVersion="1.3" X-WAWS-Unencoded-URL="/api/zipdeploy?isAsync=true" X-Client-IP="124.122.129.209" X-Client-Port="63992" >
  <step title="Cleanup Xml Logs" date="2025-07-04T15:03:59.993" >
    <step title="Cleanup Infos" date="2025-07-04T15:04:00.009" totalFiles="268" totalCleanup="108" /><!-- duration: 22ms -->
  </step><!-- duration: 105ms -->
  <step title="ZipPushDeploy" date="2025-07-04T15:04:00.274" >
    <step title="ZipDeploy. Extract zip. Remote build." date="2025-07-04T15:04:00.294" /><!-- duration: 15ms -->
    <step title="Starting PushDeployAsync" date="2025-07-04T15:04:00.344" /><!-- duration: 33ms -->
    <step title="Removing node_modules symlink" date="2025-07-04T15:04:00.392" >
      <step title="Writing artifact to /tmp/zipdeploy/8f76692d-7ba5-4df2-a8d1-bde702c6ba5c.zip" date="2025-07-04T15:04:00.697" >
        <step title="Writing multipart request body to /tmp/zipdeploy/8f76692d-7ba5-4df2-a8d1-bde702c6ba5c.zip" date="2025-07-04T15:04:00.703" /><!-- duration: 5ms -->
      </step><!-- duration: 79ms -->
      <step title="Removing previous build artifact&apos;s manifest file" date="2025-07-04T15:04:00.793" >
        <step title="Start deployment in the background" date="2025-07-04T15:04:00.878" >
          <step title="Acquiring Deployment Lock" date="2025-07-04T15:04:01.024" /><!-- duration: 55ms -->
          <step title="Acquired Deployment Lock" date="2025-07-04T15:04:01.148" /><!-- duration: 9ms -->
        </step><!-- duration: 421ms -->
      </step><!-- duration: 538ms -->
      <step title="Outgoing response" date="2025-07-04T15:04:01.336" type="response" statusCode="202" statusText="Accepted" /><!-- duration: 12ms -->
    </step><!-- duration: 960ms -->
