<step title="Incoming Request" date="2025-06-25T20:13:10.976" instance="8552f3" url="/api/zipdeploy?isAsync=true" method="POST" type="request" pid="769,1,3" Accept="*/*" Host="soundscribe-backend.scm.azurewebsites.net" User-Agent="AZURECLI/2.66.0 (MSI)" Accept-Encoding="gzip, deflate" Authorization="Bas..." Cache-Control="no-cache" Content-Type="application/octet-stream" Content-Length="162667697" x-ms-client-request-id="cc82d9c1-5200-11f0-b7ab-8c1759c91239" x-ms-artifact-checksum="cf769d34127a1d3b7b948bdfa8064fd74a2b1c79c8e3d08e30f40b14cc916f13" X-ARR-LOG-ID="cc82d9c1-5200-11f0-b7ab-8c1759c91239" CLIENT-IP="58.8.155.119:55095" X-SITE-DEPLOYMENT-ID="soundscribe-backend" WAS-DEFAULT-HOSTNAME="soundscribe-backend.scm.azurewebsites.net" X-Forwarded-Proto="https" X-AppService-Proto="https" X-Forwarded-TlsVersion="1.3" X-WAWS-Unencoded-URL="/api/zipdeploy?isAsync=true" X-Client-IP="58.8.155.119" X-Client-Port="55095" >
  <step title="Cleanup Xml Logs" date="2025-06-25T20:13:11.005" /><!-- duration: 32ms -->
  <step title="ZipPushDeploy" date="2025-06-25T20:13:11.216" >
    <step title="ZipDeploy. Extract zip." date="2025-06-25T20:13:11.238" /><!-- duration: 8ms -->
    <step title="Starting PushDeployAsync" date="2025-06-25T20:13:11.256" /><!-- duration: 2ms -->
    <step title="Removing node_modules symlink" date="2025-06-25T20:13:11.317" >
      <step title="Removing _del_node_modules symlink" date="2025-06-25T20:13:11.629" >
        <step title="Writing artifact to /tmp/zipdeploy/db75f229-4e00-4197-a4fa-3ce4b9a2f022.zip" date="2025-06-25T20:13:11.799" >
          <step title="Writing multipart request body to /tmp/zipdeploy/db75f229-4e00-4197-a4fa-3ce4b9a2f022.zip" date="2025-06-25T20:13:11.819" /><!-- duration: 21ms -->
        </step><!-- duration: 14184ms -->
        <step title="Removing previous build artifact&apos;s manifest file" date="2025-06-25T20:13:25.991" >
          <step title="Start deployment in the background" date="2025-06-25T20:13:26.035" >
            <step title="Acquiring Deployment Lock" date="2025-06-25T20:13:26.054" /><!-- duration: 1ms -->
            <step title="Acquired Deployment Lock" date="2025-06-25T20:13:26.075" /><!-- duration: 2ms -->
          </step><!-- duration: 94ms -->
        </step><!-- duration: 143ms -->
        <step title="Outgoing response" date="2025-06-25T20:13:26.147" type="response" statusCode="202" statusText="Accepted" /><!-- duration: 2ms -->
      </step><!-- duration: 14521ms -->
