<step title="Incoming Request" date="2025-06-25T20:07:49.631" instance="8552f3" url="/api/zipdeploy?isAsync=true" method="POST" type="request" pid="769,1,19" Accept="*/*" Host="soundscribe-backend.scm.azurewebsites.net" User-Agent="AZURECLI/2.66.0 (MSI)" Accept-Encoding="gzip, deflate" Authorization="Bas..." Cache-Control="no-cache" Content-Type="application/octet-stream" Content-Length="82604769" x-ms-client-request-id="0bc2ed96-5200-11f0-abaf-8c1759c91239" x-ms-artifact-checksum="8b66afe1047526ca10977b3669015f3e46bbdb0baa41c1270ab2be8d8873803f" X-ARR-LOG-ID="0bc2ed96-5200-11f0-abaf-8c1759c91239" CLIENT-IP="58.8.155.119:49384" X-SITE-DEPLOYMENT-ID="soundscribe-backend" WAS-DEFAULT-HOSTNAME="soundscribe-backend.scm.azurewebsites.net" X-Forwarded-Proto="https" X-AppService-Proto="https" X-Forwarded-TlsVersion="1.3" X-WAWS-Unencoded-URL="/api/zipdeploy?isAsync=true" X-Client-IP="58.8.155.119" X-Client-Port="49384" >
  <step title="Cleanup Xml Logs" date="2025-06-25T20:07:49.641" /><!-- duration: 21ms -->
  <step title="ZipPushDeploy" date="2025-06-25T20:07:49.763" >
    <step title="ZipDeploy. Extract zip." date="2025-06-25T20:07:49.774" /><!-- duration: 8ms -->
    <step title="Starting PushDeployAsync" date="2025-06-25T20:07:49.811" /><!-- duration: 3ms -->
    <step title="Removing node_modules symlink" date="2025-06-25T20:07:49.845" >
      <step title="Writing artifact to /tmp/zipdeploy/77d6cabe-f74c-4568-b4be-a5d9d35ac31f.zip" date="2025-06-25T20:07:50.075" >
        <step title="Writing multipart request body to /tmp/zipdeploy/77d6cabe-f74c-4568-b4be-a5d9d35ac31f.zip" date="2025-06-25T20:07:50.103" /><!-- duration: 12ms -->
      </step><!-- duration: 6066ms -->
      <step title="Removing previous build artifact&apos;s manifest file" date="2025-06-25T20:07:56.152" >
        <step title="Start deployment in the background" date="2025-06-25T20:07:56.175" >
          <step title="Acquiring Deployment Lock" date="2025-06-25T20:07:56.213" /><!-- duration: 1ms -->
          <step title="Acquired Deployment Lock" date="2025-06-25T20:07:56.282" /><!-- duration: 1ms -->
        </step><!-- duration: 212ms -->
      </step><!-- duration: 242ms -->
      <step title="Outgoing response" date="2025-06-25T20:07:56.397" type="response" statusCode="202" statusText="Accepted" /><!-- duration: 2ms -->
    </step><!-- duration: 6555ms -->
