<step title="Incoming Request" date="2025-06-25T22:26:26.764" instance="8552f3" url="/api/zipdeploy?isAsync=true" method="POST" type="request" pid="770,1,21" Accept="*/*" Host="soundscribe-backend.scm.azurewebsites.net" User-Agent="AZURECLI/2.66.0 (MSI)" Accept-Encoding="gzip, deflate" Authorization="Bas..." Cache-Control="no-cache" Content-Type="application/octet-stream" Content-Length="13231" x-ms-client-request-id="68494d57-5213-11f0-b215-8c1759c91239" x-ms-artifact-checksum="d16e49e891496c189940f9d4a022a00b8985c6c136c8d3631a57865e8db31169" X-ARR-LOG-ID="68494d57-5213-11f0-b215-8c1759c91239" CLIENT-IP="58.8.155.119:60316" X-SITE-DEPLOYMENT-ID="soundscribe-backend" WAS-DEFAULT-HOSTNAME="soundscribe-backend.scm.azurewebsites.net" X-Forwarded-Proto="https" X-AppService-Proto="https" X-Forwarded-TlsVersion="1.3" X-WAWS-Unencoded-URL="/api/zipdeploy?isAsync=true" X-Client-IP="58.8.155.119" X-Client-Port="60316" >
  <step title="Cleanup Xml Logs" date="2025-06-25T22:26:26.845" /><!-- duration: 112ms -->
  <step title="ZipPushDeploy" date="2025-06-25T22:26:27.317" >
    <step title="ZipDeploy. Extract zip." date="2025-06-25T22:26:27.576" /><!-- duration: 42ms -->
    <step title="Starting PushDeployAsync" date="2025-06-25T22:26:27.646" /><!-- duration: 41ms -->
    <step title="Writing artifact to /tmp/zipdeploy/e57faf83-cb58-4785-8fb0-bc7aba5e2770.zip" date="2025-06-25T22:26:27.788" >
      <step title="Writing multipart request body to /tmp/zipdeploy/e57faf83-cb58-4785-8fb0-bc7aba5e2770.zip" date="2025-06-25T22:26:27.867" /><!-- duration: 2ms -->
    </step><!-- duration: 1737ms -->
    <step title="Start deployment in the background" date="2025-06-25T22:26:29.657" >
      <step title="Acquiring Deployment Lock" date="2025-06-25T22:26:30.248" /><!-- duration: 60ms -->
      <step title="Cannot Acquire Deployment Lock already held" date="2025-06-25T22:26:30.491" /><!-- duration: 61ms -->
    </step><!-- duration: 2268ms -->
    <step title="There is a deployment currently in progress. Please try again when it completes." date="2025-06-25T22:26:32.037" /><!-- duration: 159ms -->
  </step><!-- duration: 5001ms -->
  <step title="Outgoing response" date="2025-06-25T22:26:32.510" type="response" statusCode="409" statusText="Conflict" /><!-- duration: 389ms -->
</step><!-- duration: 6168ms -->
