<step title="Incoming Request" date="2025-06-26T03:08:06.054" instance="8552f3" url="/api/zipdeploy?isAsync=true" method="POST" type="request" pid="772,1,7" Accept="*/*" Host="soundscribe-backend.scm.azurewebsites.net" User-Agent="AZURECLI/2.66.0 (MSI)" Accept-Encoding="gzip, deflate" Authorization="Bas..." Cache-Control="no-cache" Content-Type="application/octet-stream" Content-Length="13732" x-ms-client-request-id="c1576c84-523a-11f0-9bb2-8c1759c91239" x-ms-artifact-checksum="45fab4f268213c185270d1d6c0f986cc75e1ce771b6fef6b1d9b0c5785202c82" X-ARR-LOG-ID="c1576c84-523a-11f0-9bb2-8c1759c91239" CLIENT-IP="58.8.155.119:60325" X-SITE-DEPLOYMENT-ID="soundscribe-backend" WAS-DEFAULT-HOSTNAME="soundscribe-backend.scm.azurewebsites.net" X-Forwarded-Proto="https" X-AppService-Proto="https" X-Forwarded-TlsVersion="1.3" X-WAWS-Unencoded-URL="/api/zipdeploy?isAsync=true" X-Client-IP="58.8.155.119" X-Client-Port="60325" >
  <step title="ZipPushDeploy" date="2025-06-26T03:08:07.271" >
    <step title="ZipDeploy. Extract zip. Remote build." date="2025-06-26T03:08:07.309" /><!-- duration: 2ms -->
    <step title="None repository commit" date="2025-06-26T03:08:07.322" >
      <step title="Commit id: d47bfd2d-0273-4807-985b-4c36d834072d" date="2025-06-26T03:08:07.330" Message="N/A" AuthorName="N/A" AuthorEmail="N/A" /><!-- duration: 2ms -->
    </step><!-- duration: 19ms -->
    <step title="Starting PushDeployAsync" date="2025-06-26T03:08:07.663" /><!-- duration: 18ms -->
    <step title="Removing node_modules symlink" date="2025-06-26T03:08:07.741" >
      <step title="Removing _del_node_modules symlink" date="2025-06-26T03:08:07.992" >
        <step title="Writing artifact to /tmp/zipdeploy/b3e01250-ac74-4a11-832e-7e0660b070cb.zip" date="2025-06-26T03:08:08.141" >
          <step title="Writing multipart request body to /tmp/zipdeploy/b3e01250-ac74-4a11-832e-7e0660b070cb.zip" date="2025-06-26T03:08:08.193" /><!-- duration: 10ms -->
        </step><!-- duration: 214ms -->
        <step title="Removing previous build artifact&apos;s manifest file" date="2025-06-26T03:08:08.394" >
          <step title="Start deployment in the background" date="2025-06-26T03:08:08.425" >
            <step title="Acquiring Deployment Lock" date="2025-06-26T03:08:08.444" /><!-- duration: 9ms -->
            <step title="Acquired Deployment Lock" date="2025-06-26T03:08:08.595" /><!-- duration: 10ms -->
          </step><!-- duration: 360ms -->
        </step><!-- duration: 443ms -->
        <step title="Outgoing response" date="2025-06-26T03:08:08.957" type="response" statusCode="202" statusText="Accepted" /><!-- duration: 9ms -->
      </step><!-- duration: 975ms -->
