<step title="Incoming Request" date="2025-06-25T22:23:39.597" instance="8552f3" url="/api/zipdeploy?isAsync=true" method="POST" type="request" pid="770,1,5" Accept="*/*" Host="soundscribe-backend.scm.azurewebsites.net" User-Agent="AZURECLI/2.66.0 (MSI)" Accept-Encoding="gzip, deflate" Authorization="Bas..." Cache-Control="no-cache" Content-Type="application/octet-stream" Content-Length="323991612" x-ms-client-request-id="f4305e8f-5212-11f0-b9d8-8c1759c91239" x-ms-artifact-checksum="43df9bcc23b44809300fc666624a8d1a43d80b3925c4645e92354a1046643c48" X-ARR-LOG-ID="f4305e8f-5212-11f0-b9d8-8c1759c91239" CLIENT-IP="58.8.155.119:60001" X-SITE-DEPLOYMENT-ID="soundscribe-backend" WAS-DEFAULT-HOSTNAME="soundscribe-backend.scm.azurewebsites.net" X-Forwarded-Proto="https" X-AppService-Proto="https" X-Forwarded-TlsVersion="1.3" X-WAWS-Unencoded-URL="/api/zipdeploy?isAsync=true" X-Client-IP="58.8.155.119" X-Client-Port="60001" >
  <step title="ZipPushDeploy" date="2025-06-25T22:23:40.459" >
    <step title="ZipDeploy. Extract zip." date="2025-06-25T22:23:40.499" /><!-- duration: 2ms -->
    <step title="None repository commit" date="2025-06-25T22:23:40.541" >
      <step title="Commit id: aa0c3ff9-310f-4083-af56-06979fa7d717" date="2025-06-25T22:23:40.560" Message="N/A" AuthorName="N/A" AuthorEmail="N/A" /><!-- duration: 21ms -->
    </step><!-- duration: 58ms -->
    <step title="Starting PushDeployAsync" date="2025-06-25T22:23:40.629" /><!-- duration: 9ms -->
    <step title="Writing artifact to /tmp/zipdeploy/3f4d9327-edb4-4508-8266-486a00dfa704.zip" date="2025-06-25T22:23:40.681" >
      <step title="Writing multipart request body to /tmp/zipdeploy/3f4d9327-edb4-4508-8266-486a00dfa704.zip" date="2025-06-25T22:23:40.699" /><!-- duration: 2ms -->
    </step><!-- duration: 52764ms -->
    <step title="Start deployment in the background" date="2025-06-25T22:24:33.464" >
      <step title="Acquiring Deployment Lock" date="2025-06-25T22:24:33.500" /><!-- duration: 11ms -->
      <step title="Acquired Deployment Lock" date="2025-06-25T22:24:33.611" /><!-- duration: 2ms -->
    </step><!-- duration: 230ms -->
  </step><!-- duration: 53246ms -->
  <step title="Outgoing response" date="2025-06-25T22:24:33.741" type="response" statusCode="202" statusText="Accepted" /><!-- duration: 2ms -->
</step><!-- duration: 54149ms -->
