<step title="Incoming Request" date="2025-06-26T03:39:13.203" instance="8552f3" url="/api/zipdeploy?isAsync=true" method="POST" type="request" pid="772,1,42" Accept="*/*" Host="soundscribe-backend.scm.azurewebsites.net" User-Agent="AZURECLI/2.66.0 (MSI)" Accept-Encoding="gzip, deflate" Authorization="Bas..." Cache-Control="no-cache" Content-Type="application/octet-stream" Content-Length="604450055" x-ms-client-request-id="1a10e8a1-523f-11f0-bf62-8c1759c91239" x-ms-artifact-checksum="1b26e660825c7400d263be5f90b1652fc07d1331a5040eb80faa6f22861c2631" X-ARR-LOG-ID="1a10e8a1-523f-11f0-bf62-8c1759c91239" CLIENT-IP="58.8.155.119:63743" X-SITE-DEPLOYMENT-ID="soundscribe-backend" WAS-DEFAULT-HOSTNAME="soundscribe-backend.scm.azurewebsites.net" X-Forwarded-Proto="https" X-AppService-Proto="https" X-Forwarded-TlsVersion="1.3" X-WAWS-Unencoded-URL="/api/zipdeploy?isAsync=true" X-Client-IP="58.8.155.119" X-Client-Port="63743" >
  <step title="Cleanup Xml Logs" date="2025-06-26T03:39:13.207" /><!-- duration: 9ms -->
  <step title="ZipPushDeploy" date="2025-06-26T03:39:13.248" >
    <step title="ZipDeploy. Extract zip. Remote build." date="2025-06-26T03:39:13.255" /><!-- duration: 2ms -->
    <step title="Starting PushDeployAsync" date="2025-06-26T03:39:13.260" /><!-- duration: 1ms -->
    <step title="Writing artifact to /tmp/zipdeploy/6e473eab-3755-4096-af6e-5e82ac1a7b9e.zip" date="2025-06-26T03:39:13.274" >
      <step title="Writing multipart request body to /tmp/zipdeploy/6e473eab-3755-4096-af6e-5e82ac1a7b9e.zip" date="2025-06-26T03:39:13.275" /><!-- duration: 8ms -->
    </step><!-- duration: 25424ms -->
    <step title="Start deployment in the background" date="2025-06-26T03:39:38.715" >
      <step title="Acquiring Deployment Lock" date="2025-06-26T03:39:38.781" /><!-- duration: 2ms -->
      <step title="Acquired Deployment Lock" date="2025-06-26T03:39:38.818" /><!-- duration: 2ms -->
    </step><!-- duration: 175ms -->
  </step><!-- duration: 25650ms -->
  <step title="Outgoing response" date="2025-06-26T03:39:38.903" type="response" statusCode="202" statusText="Accepted" /><!-- duration: 5ms -->
</step><!-- duration: 25708ms -->
