<step title="Incoming Request" date="2025-07-07T22:49:45.251" instance="d52a4a" url="/api/deployments/latest" method="GET" type="request" pid="768,1,32" Accept="*/*" Host="soundscribe-backend.scm.azurewebsites.net" User-Agent="AZURECLI/2.66.0 (MSI)" Accept-Encoding="gzip, deflate" Authorization="Bas..." x-ms-client-request-id="a207e6db-5b84-11f0-8e12-8c1759c91239" X-ARR-LOG-ID="a207e6db-5b84-11f0-8e12-8c1759c91239" CLIENT-IP="115.87.153.87:59661" X-SITE-DEPLOYMENT-ID="soundscribe-backend" WAS-DEFAULT-HOSTNAME="soundscribe-backend.scm.azurewebsites.net" X-Forwarded-Proto="https" X-AppService-Proto="https" X-Forwarded-TlsVersion="1.3" X-WAWS-Unencoded-URL="/api/deployments/latest" X-Client-IP="115.87.153.87" X-Client-Port="59661" >
  <step title="Cleanup Xml Logs" date="2025-07-07T22:49:45.269" >
    <step title="Cleanup Infos" date="2025-07-07T22:49:45.387" totalFiles="330" totalCleanup="170" /><!-- duration: 29ms -->
  </step><!-- duration: 156ms -->
  <step title="DeploymentService.GetResult" date="2025-07-07T22:49:45.581" >
    <step title="DeploymentService.GetLatestDeployment" date="2025-07-07T22:49:45.583" >
      <step title="DeploymentManager.GetResults" date="2025-07-07T22:49:45.590" /><!-- duration: 1483ms -->
    </step><!-- duration: 1556ms -->
  </step><!-- duration: 1577ms -->
  <step title="Outgoing response" date="2025-07-07T22:49:47.206" type="response" statusCode="202" statusText="Accepted" /><!-- duration: 11ms -->
</step><!-- duration: 1969ms -->
