<step title="Incoming Request" date="2025-06-25T19:50:21.283" instance="8552f3" url="/api/zipdeploy?isAsync=true" method="POST" type="request" pid="769,1,58" Accept="*/*" Host="soundscribe-backend.scm.azurewebsites.net" User-Agent="AZURECLI/2.66.0 (MSI)" Accept-Encoding="gzip, deflate" Authorization="Bas..." Cache-Control="no-cache" Content-Type="application/octet-stream" Content-Length="22567976" x-ms-client-request-id="9b429788-51fd-11f0-851b-8c1759c91239" x-ms-artifact-checksum="4c8cc42efca9fe5b4db2bedfefb960dd32f5d000b3de9015fd4a99fcdf2fac2f" X-ARR-LOG-ID="9b429788-51fd-11f0-851b-8c1759c91239" CLIENT-IP="58.8.155.119:49258" X-SITE-DEPLOYMENT-ID="soundscribe-backend" WAS-DEFAULT-HOSTNAME="soundscribe-backend.scm.azurewebsites.net" X-Forwarded-Proto="https" X-AppService-Proto="https" X-Forwarded-TlsVersion="1.3" X-WAWS-Unencoded-URL="/api/zipdeploy?isAsync=true" X-Client-IP="58.8.155.119" X-Client-Port="49258" >
  <step title="Cleanup Xml Logs" date="2025-06-25T19:50:21.333" /><!-- duration: 10ms -->
  <step title="ZipPushDeploy" date="2025-06-25T19:50:21.461" >
    <step title="ZipDeploy. Extract zip." date="2025-06-25T19:50:21.466" /><!-- duration: 1ms -->
    <step title="Starting PushDeployAsync" date="2025-06-25T19:50:21.470" /><!-- duration: 1ms -->
    <step title="Removing node_modules symlink" date="2025-06-25T19:50:21.506" >
      <step title="Removing _del_node_modules symlink" date="2025-06-25T19:50:21.664" >
        <step title="Writing artifact to /tmp/zipdeploy/80626e01-99f5-4497-8c21-9a3055f26b04.zip" date="2025-06-25T19:50:21.753" >
          <step title="Writing multipart request body to /tmp/zipdeploy/80626e01-99f5-4497-8c21-9a3055f26b04.zip" date="2025-06-25T19:50:21.754" /><!-- duration: 8ms -->
        </step><!-- duration: 2506ms -->
        <step title="Removing previous build artifact&apos;s manifest file" date="2025-06-25T19:50:24.267" >
          <step title="Start deployment in the background" date="2025-06-25T19:50:24.291" >
            <step title="Acquiring Deployment Lock" date="2025-06-25T19:50:24.320" /><!-- duration: 2ms -->
            <step title="Acquired Deployment Lock" date="2025-06-25T19:50:24.368" /><!-- duration: 2ms -->
          </step><!-- duration: 232ms -->
        </step><!-- duration: 269ms -->
        <step title="Outgoing response" date="2025-06-25T19:50:24.543" type="response" statusCode="202" statusText="Accepted" /><!-- duration: 2ms -->
      </step><!-- duration: 2882ms -->
