<step title="BackgroundTrace" date="2025-07-07T22:49:37.488" instance="d52a4a" url="/api/zipdeploy" method="POST" >
  <step title="Creating temporary deployment - FetchDeploymentManager" date="2025-07-07T22:49:37.544" /><!-- duration: 2ms -->
  <step title="Creating temporary deployment" date="2025-07-07T22:49:37.556" /><!-- duration: 100ms -->
  <step title="Performing fetch based deployment" date="2025-07-07T22:49:37.698" >
    <step title="Cleaning up temp folders from previous zip deployments and extracting pushed zip file /tmp/zipdeploy/6cbf98bf-3f1f-43f8-91c9-61edc420c281.zip (0.03 MB) to /tmp/zipdeploy/extracted" date="2025-07-07T22:49:39.279" >
      <step title="ChmodRecursive Process exited with total time taken in ms: 55" date="2025-07-07T22:49:39.422" /><!-- duration: 11ms -->
    </step><!-- duration: 164ms -->
    <step title="Deployment timer started" date="2025-07-07T22:49:41.476" >
      <step title="DeploymentManager.Deploy(id:d97a9759-e31b-4d38-9fba-aa54cc27a0c0)" date="2025-07-07T22:49:41.537" >
        <step title="Collecting changeset information" date="2025-07-07T22:49:41.569" /><!-- duration: 119ms -->
        <step title="Updating submodules" date="2025-07-07T22:49:41.695" /><!-- duration: 1145ms -->
        <step title="Determining deployment builder" date="2025-07-07T22:49:43.060" >
          <step title="Builder is OryxBuilder" date="2025-07-07T22:49:43.087" /><!-- duration: 3ms -->
        </step><!-- duration: 37ms -->
        <step title="PreDeployment: context.CleanOutputPath False" date="2025-07-07T22:49:43.141" >
          <step title="PreDeployment: context.OutputPath /home/site/wwwroot" date="2025-07-07T22:49:43.255" >
            <step title="Building" date="2025-07-07T22:49:43.396" >
              <step title="Executing external process" date="2025-07-07T22:49:43.780" type="process" path="bash" arguments="-c &quot;oryx build /tmp/zipdeploy/extracted -o /home/site/wwwroot --platform nodejs --platform-version 18 -p virtualenv_name= --log-file /tmp/build-debug.log  -i /tmp/8ddbda8906318e5 -p compress_node_modules=tar-gz | tee /tmp/oryx-build.log ; exit $PIPESTATUS &quot;" /><!-- duration: 92122ms -->
              <step title="Using GenericDeploymentLogParser" date="2025-07-07T22:51:16.484" /><!-- duration: 9ms -->
              <step title="Triggering recycle (preview mode disabled)." date="2025-07-07T22:51:18.149" /><!-- duration: 5ms -->
              <step title="Modified file to trigger a restart of the app container." date="2025-07-07T22:51:18.187" /><!-- duration: 3ms -->
              <step title="Skip function trigger and logicapp sync because function is not enabled." date="2025-07-07T22:51:18.195" /><!-- duration: 4ms -->
              <step title="Purge deployment items" date="2025-07-07T22:51:19.342" >
                <step title="Remove d66caa77-, Success, received at 06/25/2025 23:35:23" date="2025-07-07T22:51:19.407" /><!-- duration: 4ms -->
              </step><!-- duration: 78ms -->
            </step><!-- duration: 96085ms -->
          </step><!-- duration: 96262ms -->
          <step title="Cleaning up temp files" date="2025-07-07T22:51:19.520" /><!-- duration: 356ms -->
          <step title="Cleaning up temp files" date="2025-07-07T22:51:19.884" /><!-- duration: 509ms -->
          <step title="Reloading status file with latest updates" date="2025-07-07T22:51:20.427" >
            <step title="WebHooksManager.PublishEventAsync: PostDeployment" date="2025-07-07T22:51:20.441" /><!-- duration: 76ms -->
          </step><!-- duration: 94ms -->
          <step title="Cleaning up temporary deployment - fetch deployment was successful" date="2025-07-07T22:51:20.530" /><!-- duration: 3ms -->
        </step><!-- duration: 97444ms -->
      </step><!-- duration: 99067ms -->
