<step title="Incoming Request" date="2025-06-26T13:02:47.368" instance="8552f3" url="/api/publish?type=zip" method="POST" type="request" pid="772,1,32" Accept="*/*" Host="soundscribe-backend.scm.azurewebsites.net" User-Agent="AZURECLI/2.66.0 (MSI)" Accept-Encoding="gzip, deflate" Authorization="Bas..." Cache-Control="no-cache" Content-Type="application/octet-stream" Content-Length="26858" x-ms-client-request-id="d4096982-528d-11f0-ba4c-8c1759c91239" x-ms-artifact-checksum="f0b8b758616d87f433448a443af22293d3b42f03daf1779e175dfb35b8067f93" X-ARR-LOG-ID="d4096982-528d-11f0-ba4c-8c1759c91239" CLIENT-IP="124.122.128.133:50689" X-SITE-DEPLOYMENT-ID="soundscribe-backend" WAS-DEFAULT-HOSTNAME="soundscribe-backend.scm.azurewebsites.net" X-Forwarded-Proto="https" X-AppService-Proto="https" X-Forwarded-TlsVersion="1.3" X-WAWS-Unencoded-URL="/api/publish?type=zip" X-Client-IP="124.122.128.133" X-Client-Port="50689" >
  <step title="Cleanup Xml Logs" date="2025-06-26T13:02:47.407" /><!-- duration: 59ms -->
  <step title="OneDeploy" date="2025-06-26T13:02:49.067" >
    <step title="None repository commit" date="2025-06-26T13:02:49.288" >
      <step title="Commit id: 011d5976-bae6-44a2-a0a2-987e4cc0a946" date="2025-06-26T13:02:49.309" Message="N/A" AuthorName="N/A" AuthorEmail="N/A" /><!-- duration: 11ms -->
    </step><!-- duration: 69ms -->
    <step title="Starting PushDeployAsync" date="2025-06-26T13:02:49.360" /><!-- duration: 18ms -->
    <step title="Removing node_modules symlink" date="2025-06-26T13:02:49.600" >
      <step title="Removing _del_node_modules symlink" date="2025-06-26T13:02:50.030" >
        <step title="Writing artifact to /tmp/zipdeploy/dc6af3d1-43ce-415c-831e-8408c4641292.zip" date="2025-06-26T13:02:50.260" >
          <step title="Writing multipart request body to /tmp/zipdeploy/dc6af3d1-43ce-415c-831e-8408c4641292.zip" date="2025-06-26T13:02:50.290" /><!-- duration: 69ms -->
        </step><!-- duration: 884ms -->
        <step title="Removing previous build artifact&apos;s manifest file" date="2025-06-26T13:02:51.206" >
          <step title="Attempting to fetch target branch HEAD" date="2025-06-26T13:02:51.324" /><!-- duration: 12ms -->
          <step title="Acquiring Deployment Lock" date="2025-06-26T13:02:51.495" /><!-- duration: 60ms -->
          <step title="Acquired Deployment Lock" date="2025-06-26T13:02:51.978" /><!-- duration: 20ms -->
          <step title="Performing fetch based deployment" date="2025-06-26T13:02:52.138" >
            <step title="Creating temporary deployment" date="2025-06-26T13:02:52.197" /><!-- duration: 702ms -->
            <step title="Releasing Deployment Lock" date="2025-06-26T13:02:54.979" /><!-- duration: 21ms -->
            <step title="Cleaning up temp folders from previous zip deployments and extracting pushed zip file /tmp/zipdeploy/dc6af3d1-43ce-415c-831e-8408c4641292.zip (0.03 MB) to /tmp/zipdeploy/extracted" date="2025-06-26T13:02:55.201" >
              <step title="ChmodRecursive Process exited with total time taken in ms: 341" date="2025-06-26T13:02:55.924" /><!-- duration: 60ms -->
            </step><!-- duration: 833ms -->
            <step title="None repository commit" date="2025-06-26T13:02:56.074" >
              <step title="Commit id: 011d5976-bae6-44a2-a0a2-987e4cc0a946" date="2025-06-26T13:02:56.125" Message="OneDeploy" AuthorName="N/A" AuthorEmail="N/A" /><!-- duration: 20ms -->
            </step><!-- duration: 81ms -->
            <step title="Deployment timer started" date="2025-06-26T13:02:58.266" >
              <step title="DeploymentManager.Deploy(id:011d5976-bae6-44a2-a0a2-987e4cc0a946)" date="2025-06-26T13:02:58.336" >
                <step title="Collecting changeset information" date="2025-06-26T13:02:58.446" /><!-- duration: 260ms -->
                <step title="Updating submodules" date="2025-06-26T13:02:58.765" /><!-- duration: 1657ms -->
                <step title="Determining deployment builder" date="2025-06-26T13:03:01.334" >
                  <step title="Builder is OryxBuilder" date="2025-06-26T13:03:01.436" /><!-- duration: 68ms -->
                </step><!-- duration: 181ms -->
                <step title="PreDeployment: context.CleanOutputPath False" date="2025-06-26T13:03:01.666" >
                  <step title="PreDeployment: context.OutputPath /home/site/wwwroot" date="2025-06-26T13:03:02.025" >
                    <step title="Building" date="2025-06-26T13:03:02.359" >
                      <step title="Executing external process" date="2025-06-26T13:03:03.606" type="process" path="bash" arguments="-c &quot;oryx build /tmp/zipdeploy/extracted -o /home/site/wwwroot --platform nodejs --platform-version 18 -p virtualenv_name= --log-file /tmp/build-debug.log  -i /tmp/8ddb4b1c80fdfd3 -p compress_node_modules=tar-gz | tee /tmp/oryx-build.log ; exit $PIPESTATUS &quot;" 