﻿<?xml version="1.0" encoding="utf-8"?>
<deployment>
  <id>006608e5-d487-4490-946a-08a32ac2fbb6</id>
  <author>N/A</author>
  <deployer>OneDeploy</deployer>
  <authorEmail>N/A</authorEmail>
  <message>OneDeploy</message>
  <progress></progress>
  <status>Success</status>
  <statusText></statusText>
  <lastSuccessEndTime>2025-09-30T18:56:59.7168873Z</lastSuccessEndTime>
  <receivedTime>2025-09-30T18:55:54.2756454Z</receivedTime>
  <startTime>2025-09-30T18:55:55.8506828Z</startTime>
  <endTime>2025-09-30T18:56:59.7168873Z</endTime>
  <complete>True</complete>
  <is_temp>False</is_temp>
  <is_readonly>True</is_readonly>
  <buildSummary />
</deployment>