﻿<?xml version="1.0" encoding="utf-8"?>
<deployment>
  <id>f9851d30-738e-489d-b32b-3544c791a229</id>
  <author>N/A</author>
  <deployer>Push-Deployer</deployer>
  <authorEmail>N/A</authorEmail>
  <message>Created via a push deployment</message>
  <progress></progress>
  <status>Success</status>
  <statusText></statusText>
  <lastSuccessEndTime>2025-09-29T21:43:46.7764161Z</lastSuccessEndTime>
  <receivedTime>2025-09-29T21:42:38.4492985Z</receivedTime>
  <startTime>2025-09-29T21:42:39.8268592Z</startTime>
  <endTime>2025-09-29T21:43:46.7764161Z</endTime>
  <complete>True</complete>
  <is_temp>False</is_temp>
  <is_readonly>True</is_readonly>
  <buildSummary />
</deployment>