﻿<?xml version="1.0" encoding="utf-8"?>
<deployment>
  <id>23297071-207e-43c9-8d5c-77ec3beeaed3</id>
  <author>N/A</author>
  <deployer>OneDeploy</deployer>
  <authorEmail>N/A</authorEmail>
  <message>OneDeploy</message>
  <progress></progress>
  <status>Success</status>
  <statusText></statusText>
  <lastSuccessEndTime>2025-09-30T19:14:37.6591258Z</lastSuccessEndTime>
  <receivedTime>2025-09-30T19:13:58.5641401Z</receivedTime>
  <startTime>2025-09-30T19:13:59.9274286Z</startTime>
  <endTime>2025-09-30T19:14:37.6591258Z</endTime>
  <complete>True</complete>
  <is_temp>False</is_temp>
  <is_readonly>True</is_readonly>
  <buildSummary />
</deployment>