﻿<?xml version="1.0" encoding="utf-8"?>
<deployment>
  <id>31cc00a4-9e50-49c7-84e7-5d170e0dfebf</id>
  <author>N/A</author>
  <deployer>Push-Deployer</deployer>
  <authorEmail>N/A</authorEmail>
  <message>Created via a push deployment</message>
  <progress></progress>
  <status>Success</status>
  <statusText></statusText>
  <lastSuccessEndTime>2025-10-09T21:05:18.3189044Z</lastSuccessEndTime>
  <receivedTime>2025-10-09T21:04:05.251114Z</receivedTime>
  <startTime>2025-10-09T21:04:06.6226712Z</startTime>
  <endTime>2025-10-09T21:05:18.3189044Z</endTime>
  <complete>True</complete>
  <is_temp>False</is_temp>
  <is_readonly>True</is_readonly>
  <buildSummary />
</deployment>