﻿<?xml version="1.0" encoding="utf-8"?>
<deployment>
  <id>cc423fe7-a1a9-4ffc-9559-14b26e06b68e</id>
  <author>N/A</author>
  <deployer>OneDeploy</deployer>
  <authorEmail>N/A</authorEmail>
  <message>OneDeploy</message>
  <progress></progress>
  <status>Success</status>
  <statusText></statusText>
  <lastSuccessEndTime>2025-09-30T20:33:58.0199864Z</lastSuccessEndTime>
  <receivedTime>2025-09-30T20:33:18.4258788Z</receivedTime>
  <startTime>2025-09-30T20:33:19.8400146Z</startTime>
  <endTime>2025-09-30T20:33:58.0199864Z</endTime>
  <complete>True</complete>
  <is_temp>False</is_temp>
  <is_readonly>True</is_readonly>
  <buildSummary />
</deployment>