﻿<?xml version="1.0" encoding="utf-8"?>
<deployment>
  <id>f6f43b11-e148-49d6-88ef-350e5b972e1a</id>
  <author>N/A</author>
  <deployer>Push-Deployer</deployer>
  <authorEmail>N/A</authorEmail>
  <message>Created via a push deployment</message>
  <progress></progress>
  <status>Success</status>
  <statusText></statusText>
  <lastSuccessEndTime>2025-09-29T21:22:37.7279547Z</lastSuccessEndTime>
  <receivedTime>2025-09-29T21:21:38.5376087Z</receivedTime>
  <startTime>2025-09-29T21:21:39.9459277Z</startTime>
  <endTime>2025-09-29T21:22:37.7279547Z</endTime>
  <complete>True</complete>
  <is_temp>False</is_temp>
  <is_readonly>True</is_readonly>
  <buildSummary />
</deployment>