﻿<?xml version="1.0" encoding="utf-8"?>
<deployment>
  <id>d85ec3a4-03e7-476b-bd5f-80fdbac9aa5e</id>
  <author>N/A</author>
  <deployer>Push-Deployer</deployer>
  <authorEmail>N/A</authorEmail>
  <message>Created via a push deployment</message>
  <progress></progress>
  <status>Success</status>
  <statusText></statusText>
  <lastSuccessEndTime>2025-09-29T19:49:27.925232Z</lastSuccessEndTime>
  <receivedTime>2025-09-29T19:48:32.1098373Z</receivedTime>
  <startTime>2025-09-29T19:48:33.4753638Z</startTime>
  <endTime>2025-09-29T19:49:27.925232Z</endTime>
  <complete>True</complete>
  <is_temp>False</is_temp>
  <is_readonly>True</is_readonly>
  <buildSummary />
</deployment>