﻿<?xml version="1.0" encoding="utf-8"?>
<deployment>
  <id>7103507a-c8ec-42be-89bc-74a5f1571cd9</id>
  <author>N/A</author>
  <deployer>OneDeploy</deployer>
  <authorEmail>N/A</authorEmail>
  <message>OneDeploy</message>
  <progress></progress>
  <status>Success</status>
  <statusText></statusText>
  <lastSuccessEndTime>2025-09-30T19:20:35.3441112Z</lastSuccessEndTime>
  <receivedTime>2025-09-30T19:19:53.1853803Z</receivedTime>
  <startTime>2025-09-30T19:19:54.5414285Z</startTime>
  <endTime>2025-09-30T19:20:35.3441112Z</endTime>
  <complete>True</complete>
  <is_temp>False</is_temp>
  <is_readonly>True</is_readonly>
  <buildSummary />
</deployment>